活动价,券后价,药名,厂家,规格,效期,限购
￥7,≈6.42,藿香正气胶囊,太极集团浙江东方制药有限公司,规格：0.3g*12粒*2板 ,效期：2022年07月,库存：充裕 限购 :200
￥1.9,≈1.74,阿莫西林胶囊,哈药集团制药总厂,规格：0.5g*10粒 ,效期：2021年09月,库存：充裕 限购 :800
￥26.5,≈24.3,云南白药气雾剂,云南白药集团股份有限公司,规格：85g+30g ,效期：2023年08月,库存：充裕 限购 :20
￥26.5,≈24.3,云南白药气雾剂,云南白药集团股份有限公司,规格：50g+60g ,效期：2023年08月,库存：充裕 限购 :20
￥15.2,≈13.94,云南白药创可贴,云南白药集团无锡药业有限公司委托江苏南方卫材医药股份有限公司生产,规格：100片(轻巧透气型) ,效期：2023年05月,库存：充裕 限购 :50
￥22.5,,复方丹参滴丸（薄膜衣）,天士力医药集团股份有限公司（原天士力制药集团股份有限公司）,规格：180丸 ,效期：2024年05月,库存：充裕 限购 :400
￥11.8,≈10.82,抗病毒颗粒,四川光大制药有限公司,规格：9g*8袋 ,效期：2022年07月,库存：充裕 限购 :100
￥13.5,≈12.38,抗病毒颗粒,四川光大制药有限公司,规格：4g*10袋(无蔗糖) ,效期：2022年08月,库存：充裕 限购 :100
￥3.6,,复方甘草片,国药集团新疆制药有限公司,规格：100片 ,效期：2022年12月,库存：充裕 限购 :60
￥15,≈13.76,抗感颗粒,四川好医生攀西药业有限责任公司,规格：5g*9袋(儿童装) ,效期：2022年03月,库存：充裕 限购 :400
￥16.5,≈15.13,安神补脑液,吉林敖东延边药业股份有限公司,规格：10ml*10支 ,效期：2022年09月,库存：充裕 限购 :400
￥9.9,≈9.08,阿咖酚散,广州白云山医药集团股份有限公司白云山何济公制药厂,规格：100包 ,效期：2022年07月,库存：充裕 限购 :2000
￥5.8,≈5.32,健胃消食片,江中药业股份有限公司,规格：0.5g*36片(小儿) ,效期：2022年05月,库存：充裕 限购 :400
￥5.8,≈5.32,健胃消食片,江中药业股份有限公司,规格：0.8g*32片(成人) ,效期：2022年06月,库存：充裕 限购 :400
￥1.78,≈1.63,华佗膏,成都明日制药有限公司,规格：8g/支 ,效期：2023年03月,库存：充裕 限购 :800
￥4.99,≈4.58,三精双黄连中药牙膏（留兰香型）,哈药集团三精制药有限公司委托浙江爱尚日用品有限公司,规格：90g ,效期：2023年01月,库存：充裕 限购 :54
￥1.1,≈1.01,头孢克肟胶囊,成都倍特药业股份有限公司（原成都倍特药业有限公司）,规格：0.1g*6粒 ,效期：2021年03月,库存：充裕 限购 :1000
￥5.8,≈5.32,天麻蜜环菌片,三明市三真药业有限公司,规格：0.25g*100片 ,效期：2023年09月,库存：充裕 限购 :1000
￥9.7,≈8.89,阿莫西林胶囊(阿莫仙),珠海联邦制药股份有限公司中山分公司,规格：0.25g*24粒 ,效期：2023年07月,库存：充裕 限购 :600
￥9.7,≈8.89,氨苄西林胶囊(安必仙),珠海联邦制药股份有限公司中山分公司,规格：0.25g*24粒 ,效期：2023年02月,库存：充裕 限购 :600
￥10.5,≈9.63,阿莫西林胶囊,澳美制药厂（香港）,规格：0.25g*24粒 ,效期：2022年01月,库存：充裕 限购 :640
￥20.88,≈19.15,护肝片(糖衣片),黑龙江葵花药业股份有限公司,规格：0.35gX100片 ,效期：2022年11月,库存：充裕 限购 :200
￥12.9,≈11.83,胃康灵胶囊,黑龙江葵花药业股份有限公司,规格：0.4g*24粒 ,效期：2022年10月,库存：充裕 限购 :200
￥22.5,≈20.63,小儿肺热咳喘口服液,黑龙江葵花药业股份有限公司,规格：10ml*6支/盒 ,效期：2022年11月,库存：充裕 限购 :200
￥4.6,≈4.22,哈西奈德溶液（乐肤液),福元药业有限公司（原福元药业股份有限公司）,规格：10ml:0.1% ,效期：2023年08月,库存：充裕 限购 :400
￥21.9,,复方葡萄糖酸钙口服溶液,哈药集团三精制药有限公司,规格：10ml*12支 ,效期：2021年07月,库存：充裕 限购 :320
￥20.9,,葡萄糖酸锌口服溶液,哈药集团三精制药有限公司,规格：10ml*12支 ,效期：2022年08月,库存：充裕 限购 :160
￥17.8,≈16.32,布洛芬缓释胶囊,中美天津史克制药有限公司,规格：0.3g*24粒 （芬必得） ,效期：2022年10月,库存：充裕 限购 :400
￥8.25,≈7.57,苯磺酸氨氯地平片,山东凤凰制药股份有限公司,规格：5mg*60片 ,效期：2022年06月,库存：充裕 限购 :400
￥5.2,≈4.77,苯磺酸氨氯地平片,山东凤凰制药股份有限公司,规格：5mg*30片 ,效期：2022年07月,库存：充裕 限购 :400
￥10.5,,感冒灵颗粒,华润三九医药股份有限公司委托惠州市九惠制药股份有限公司生产,规格：10g*9袋 ,效期：2022年03月,库存：充裕 限购 :50
￥10.9,≈10,复方氨酚烷胺片,吉林省吴太感康药业有限公司,规格：12片 ,效期：2023年02月,库存：充裕 限购 :400
￥11.5,≈10.55,咽炎片,吉林市吴太感康药业有限公司,规格：0.26g*30片(薄膜衣片) ,效期：2022年09月,库存：充裕 限购 :400
￥21.6,,阿托伐他汀钙胶囊,天方药业有限公司,规格：10mg*14粒 ,效期：2023年05月,库存：充裕 限购 :400
￥25,,阿托伐他汀钙胶囊,天方药业有限公司,规格：20mg*10粒 ,效期：2023年03月,库存：充裕 限购 :400
￥4.8,≈4.4,咳特灵胶囊,广东一片天医药集团制药有限公司,规格：30粒 ,效期：2022年01月,库存：充裕 限购 :400
￥6.3,≈5.78,感冒清片,广东一片天医药集团制药有限公司,规格：0.22g*100片 ,效期：2022年09月,库存：充裕 限购 :400
￥11.25,≈10.32,感冒灵颗粒,广州白云山医药集团股份有限公司白云山何济公制药厂,规格：10g*15袋 ,效期：2022年01月,库存：充裕 限购 :400
￥3.5,≈3.21,多潘立酮片,山西宝泰药业有限责任公司,规格：10mg*30片 ,效期：2023年04月,库存：充裕 限购 :480
￥5.2,,复方感冒灵片,广州花城药业有限公司（原广州市花城制药厂）,规格：100片 ,效期：2022年01月,库存：充裕 限购 :400
￥29.9,≈27.42,气血康口服液,云南白药集团文山七花有限责任公司,规格：10ml*6支 ,效期：2023年07月,库存：充裕 限购 :60
￥5.9,≈5.41,乳酸菌素片,江中药业股份有限公司,规格：0.2g*36片 ,效期：2021年07月,库存：充裕 限购 :400
￥10.8,≈9.9,六味地黄丸(浓缩丸),九芝堂股份有限公司,规格：200丸 ,效期：2023年05月,库存：充裕 限购 :400
￥6.3,≈5.78,足光散,成都九芝堂金鼎药业有限公司,规格：40g*3袋 ,效期：2022年06月,库存：充裕 限购 :400
￥14.5,,阿莫西林克拉维酸钾片,中山市力恩普制药有限公司,规格：1.0g*6片 ,效期：2022年07月,库存：充裕 限购 :50
￥6.5,≈5.96,吲达帕胺片(万伯安),广东安诺药业股份有限公司,规格：2.5mg*28片 ,效期：2021年11月,库存：充裕 限购 :200
￥12.8,≈11.74,心脑康胶囊,长春英平药业有限公司,规格：0.25g*100粒 ,效期：2023年09月,库存：充裕 限购 :400
￥13.8,≈12.65,金钱草颗粒,重庆科瑞制药(集团)有限公司委托重庆科瑞东和制药有限责任公司,规格：10g*20袋（可立袋） ,效期：2022年07月,库存：充裕 限购 :120
￥3.2,≈2.93,阿莫西林胶囊,重庆科瑞制药（集团）有限公司,规格：0.25g*50粒 ,效期：2023年07月,库存：充裕 限购 :400
￥2.6,,氨苄西林胶囊,重庆科瑞制药（集团）有限公司,规格：0.25g*24粒 ,效期：2022年06月,库存：充裕 限购 :400
￥5.7,≈5.23,复方丹参片,广东一力集团制药股份有限公司,规格：0.32g*100片 ,效期：2022年02月,库存：充裕 限购 :400
￥3.99,≈3.66,复方感冒灵片,广东一力集团制药股份有限公司,规格：0.23g*100片 ,效期：2022年12月,库存：充裕 限购 :400
￥7.9,≈7.24,地氯雷他定片,广东九明制药有限公司,规格：5mg*12片 ,效期：2022年07月,库存：充裕 限购 :400
￥6.9,≈6.33,前列舒乐软胶囊,通化利民药业有限责任公司,规格：0.6g*16粒*2板 ,效期：2023年02月,库存：充裕 限购 :400
￥3.8,≈3.48,奥美拉唑肠溶胶囊,山东罗欣药业集团股份有限公司,规格：20mg*28粒 ,效期：2021年10月,库存：充裕 限购 :400
￥9.9,,血塞通片(薄膜衣),云南特安呐制药股份有限公司,规格：50mg*20片 ,效期：2023年05月,库存：充裕 限购 :400
￥5.5,,血塞通片,云南特安呐制药股份有限公司,规格：25mg*20片 ,效期：2023年06月,库存：充裕 限购 :400
￥5.5,≈5.04,天和追风膏,桂林华润天和药业有限公司,规格：7cm*10cm*10贴 ,效期：2022年12月,库存：充裕 限购 :400
￥6.5,≈5.96,麝香壮骨膏,桂林华润天和药业有限公司,规格：7cm*10cm*5贴*2袋 ,效期：2023年01月,库存：充裕 限购 :400
￥14.9,≈13.66,骨通贴膏,桂林华润天和药业有限公司,规格：10贴 ,效期：2023年02月,库存：充裕 限购 :400
￥72,≈66.02,天和追风膏,桂林华润天和药业有限公司,规格：7cm*10cm*4贴*40袋 ,效期：2023年02月,库存：充裕 限购 :400
￥5.5,≈5.04,西瓜霜润喉片,桂林三金药业股份有限公司,规格：0.6g*36片 ,效期：2023年03月,库存：充裕 限购 :400
￥19.99,≈18.33,三金片,桂林三金药业股份有限公司,规格：0.29g*54片 ,效期：2023年05月,库存：充裕 限购 :400
￥10.6,≈9.72,桂林西瓜霜,桂林三金药业股份有限公司,规格：3.5g ,效期：2023年08月,库存：充裕 限购 :400
￥22,,生理性海水鼻腔喷雾器,浙江朗柯生物工程有限公司,规格：60ml ,效期：2023年08月,库存：充裕 限购 :400
￥11.8,,生理性海水鼻腔喷雾器,浙江朗柯生物工程有限公司,规格：25ml ,效期：2023年04月,库存：充裕 限购 :400
￥6.5,≈5.96,感冒灵颗粒,广州白云山和记黄埔中药有限公司,规格：10g*9袋 ,效期：2022年08月,库存：充裕 限购 :50
￥17.2,≈15.77,蒙脱石散(思密达-草莓味),博福-益普生(天津)制药有限公司,规格：3g*10袋 ,效期：2023年10月,库存：充裕 限购 :400
￥17.2,≈15.77,蒙脱石散,博福-益普生(天津)制药有限公司,规格：3g*10袋（桔子味） ,效期：2023年08月,库存：充裕 限购 :400
￥5.9,≈5.41,宝咳宁颗粒,湖北荆江源制药股份有限公司,规格：2.5克*12袋 ,效期：2022年06月,库存：充裕 限购 :400
￥6.5,≈5.96,乳酸菌素片,江中药业股份有限公司,规格：0.4g*32片 ,效期：2022年08月,库存：充裕 限购 :400
￥229,≈209.99,肾宝片,江西汇仁药业股份有限公司,规格：0.7g*9片*14板 ,效期：2022年07月,库存：充裕 限购 :400
￥142,≈130.21,肾宝片,江西汇仁药业股份有限公司（原江西汇仁药业有限公司）,规格：0.7g*9片*8板 ,效期：2022年02月,库存：充裕 限购 :400
￥19.2,≈17.61,摩罗丹,邯郸制药股份有限公司,规格：9g*9丸 ,效期：2023年06月,库存：充裕 限购 :400
￥12.2,,黄氏响声丸(炭衣丸),无锡济民可信山禾药业股份有限公司,规格：0.133g*36丸*2板 ,效期：2023年03月,库存：充裕 限购 :400
￥0.28,,医用外科口罩,摩拉西斯（吉林）生物科技有限公司,规格：17.5cm*9.5cm*10个/包（平面型） ,效期：2022年08月,库存：充裕 限购 :1000
￥0.15,,一次性防护口罩,宿松健峰医疗器械有限公司,规格：175mm*95mm*10只/袋 ,效期：2022年06月,库存：充裕 限购 :5000
￥9.18,≈8.42,非洛地平缓释片,常州四药制药有限公司,规格：5mg*10片 ,效期：2022年06月,库存：充裕 限购 :400
￥8.9,≈8.16,维胺酯维E乳膏(痤疮王),重庆华邦制药有限公司,规格：45mg：75mg*15g ,效期：2022年06月,库存：充裕 限购 :400
￥8.5,≈7.79,复方醋酸氟轻松酊(皮炎宁酊),福元药业有限公司（原福元药业股份有限公司）,规格：20ml ,效期：2022年07月,库存：充裕 限购 :400
￥13,≈11.92,降脂通便胶囊,河南辅仁堂制药有限公司,规格：0.5g*12粒*2板 ,效期：2022年03月,库存：充裕 限购 :600
￥1.5,≈1.38,盐酸左氧氟沙星片,哈药集团制药总厂,规格：0.1g*24片 ,效期：2021年10月,库存：充裕 限购 :50
￥1.58,≈1.45,藿香正气水,四川彩虹制药有限公司,规格：10ml*6支（玻瓶） ,效期：2022年03月,库存：充裕 限购 :600
￥3.7,≈3.39,强力枇杷露,福元药业有限公司,规格：120ml ,效期：2023年04月,库存：充裕 限购 :400
￥8,,复方盐酸伪麻黄碱缓释胶囊,中美天津史克制药有限公司,规格：8粒 ,效期：2022年04月,库存：已抢光 限购 :400
￥14,,氨麻美敏片(II),中美天津史克制药有限公司,规格：20片 ,效期：2023年01月,库存：充裕 限购 :400
￥8.5,,氨麻美敏片(II),中美天津史克制药有限公司,规格：10片 ,效期：2023年07月,库存：充裕 限购 :400
￥5.2,,阿莫西林胶囊,石药集团中诺药业（石家庄）有限公司,规格：0.5g*20粒 ,效期：2021年12月,库存：充裕 限购 :400
￥14.5,≈13.3,云南白药酊,云南白药集团股份有限公司,规格：50ml ,效期：2025年07月,库存：充裕 限购 :30
￥18.3,≈16.78,云南白药膏,云南白药集团无锡药业有限公司委托云南白药集团股份有限公司,规格：6.5cm*10cm*5片（打孔透气型） ,效期：2023年04月,库存：充裕 限购 :50
￥36.6,≈33.56,云南白药膏,云南白药集团无锡药业有限公司委托云南白药集团股份有限公司生产,规格：6.5cm*10cm*10片 ,效期：2023年04月,库存：充裕 限购 :50
￥3.8,≈3.48,足光散,国药集团武汉中联四药药业有限公司,规格：40g*3袋 ,效期：2022年03月,库存：充裕 限购 :400
￥16.3,≈14.95,法莫替丁钙镁咀嚼片,北京红林制药有限公司,规格：12片 ,效期：2022年01月,库存：充裕 限购 :400
￥61,≈55.94,碧生源牌常润茶,北京澳特舒尔保健品开发有限公司,规格：62.5g（2.5g*20袋+12.5g） ,效期：2022年02月,库存：充裕 限购 :400
￥61,≈55.94,碧生源牌常菁茶（原碧生源牌减肥茶）,北京澳特舒尔保健品开发有限公司,规格：2.5g*25袋 ,效期：2022年04月,库存：充裕 限购 :400
￥75,≈68.78,排毒养颜胶囊,云南盘龙云海药业有限公司,规格：0.4g*80s ,效期：2021年08月,库存：充裕 限购 :400
￥5.9,,氨林酚咖胶囊(去痛胶囊),重庆迪康长江制药有限公司,规格：12粒 ,效期：2022年05月,库存：充裕 限购 :400
￥1.7,≈1.56,青霉素V钾片,重庆科瑞制药（集团）有限公司,规格：0.236g*12片 ,效期：2022年06月,库存：充裕 限购 :300
￥4.8,≈4.4,硝苯地平缓释片(I),亚宝药业集团股份有限公司委托北京亚宝生物药业有限公司生产,规格：10mg*30片 ,效期：2022年04月,库存：充裕 限购 :400
￥6.99,≈6.41,硝苯地平缓释片(I),亚宝药业集团股份有限公司委托北京亚宝生物药业有限公司生产,规格：10mg*50片 ,效期：2022年06月,库存：充裕 限购 :400
￥7.3,≈6.69,珍菊降压片,亚宝药业集团股份有限公司,规格：60片 ,效期：2023年08月,库存：充裕 限购 :400
￥3.4,≈3.12,尼莫地平片,亚宝药业集团股份有限公司,规格：20mg*50片 ,效期：2023年06月,库存：充裕 限购 :400
￥3.9,≈3.58,曲克芦丁片,亚宝药业集团股份有限公司,规格：60mg*100片 ,效期：2022年07月,库存：充裕 限购 :400
￥4.7,≈4.31,消炎利胆片,广东一力集团制药股份有限公司,规格：100片（薄膜衣片） ,效期：2022年03月,库存：充裕 限购 :400
￥76,≈69.69,儿童维D钙咀嚼片,安士制药(中山)有限公司,规格：60片 ,效期：2022年07月,库存：充裕 限购 :400
￥42,≈38.51,维D钙咀嚼片(迪巧),安士制药(中山)有限公司,规格：60片 ,效期：2021年11月,库存：充裕 限购 :400
￥39.5,≈36.22,儿童维D钙咀嚼片(迪巧),安士制药(中山)有限公司,规格：30片 ,效期：2022年03月,库存：充裕 限购 :400
￥10.3,≈9.45,复方酮康唑发用洗剂,杭州易舒特药业有限公司,规格：100ml ,效期：2022年04月,库存：充裕 限购 :400
￥3.5,≈3.21,阿司匹林肠溶片,大同市利群药业有限责任公司,规格：50mg*120片 ,效期：2022年03月,库存：充裕 限购 :400
￥18,≈16.51,硝苯地平缓释片（Ⅰ）得高宁,德州德药制药有限公司,规格：10mg*60片 ,效期：2022年04月,库存：充裕 限购 :400
￥13,≈11.92,复方氨酚那敏颗粒(速效感冒颗粒),河北长天药业有限公司,规格：50袋 ,效期：2022年03月,库存：充裕 限购 :300
￥4.5,≈4.13,陈香露白露片,贵州百灵企业集团制药股份有限公司,规格：0.3g*100片 ,效期：2022年03月,库存：充裕 限购 :400
￥7.5,≈6.88,咳速停糖浆,贵州百灵企业集团制药股份有限公司,规格：100ml ,效期：2022年03月,库存：充裕 限购 :400
￥2.7,≈2.48,维C银翘片,贵州百灵企业集团制药股份有限公司,规格：24片 ,效期：2022年04月,库存：充裕 限购 :400
￥35,≈32.1,前列倍喜胶囊,贵州太和制药有限公司,规格：0.4g*54粒 ,效期：2022年07月,库存：充裕 限购 :400
￥38.5,,阿法骨化醇软胶囊,昆明贝克诺顿制药有限公司分装销售,规格：0.25ug*30粒（阿法迪三） ,效期：2021年12月,库存：充裕 限购 :400
￥26.3,≈24.12,复方酮康唑发用洗剂(康王洗剂),滇虹药业集团股份有限公司,规格：50ml ,效期：2021年12月,库存：充裕 限购 :400
￥2.8,≈2.57,复方酮康唑发用洗剂(康王洗剂),滇虹药业集团股份有限公司,规格：5ml ,效期：2022年08月,库存：充裕 限购 :400
￥6.5,≈5.96,脑心舒口服液,吉林敖东延边药业股份有限公司,规格：10ml*10支 ,效期：2023年08月,库存：充裕 限购 :400
￥66,≈60.52,汉苑良方百消丹牌玉妍丸,河南汉方药业有限责任公司,规格：42g*2瓶 ,效期：2022年08月,库存：充裕 限购 :400
￥14.8,≈13.57,维U颠茄铝胶囊II(斯达舒),修正药业集团股份有限公司,规格：16粒 ,效期：2023年07月,库存：充裕 限购 :400
￥4.2,≈3.85,五味子颗粒,甘肃佛仁制药科技有限公司,规格：10g*10袋 ,效期：2022年07月,库存：充裕 限购 :400
￥4.1,≈3.76,复方百部止咳糖浆,甘肃佛仁制药科技有限公司,规格：100ml ,效期：2022年02月,库存：充裕 限购 :400
￥4.5,≈4.13,复方羊角颗粒,甘肃佛仁制药科技有限公司,规格：8g*10袋 ,效期：2022年07月,库存：充裕 限购 :400
￥5.28,≈4.84,清肺抑火丸,甘肃佛仁制药科技有限公司,规格：6g*10袋 ,效期：2022年03月,库存：充裕 限购 :400
￥7.8,≈7.15,莫匹罗星软膏,杭州朱养心药业有限公司,规格：5g（2%) ,效期：2022年07月,库存：充裕 限购 :200
￥7.6,≈6.97,金嗓子喉片,广西金嗓子有限责任公司,规格：2g*6片*2板（8小盒/中盒） ,效期：2023年04月,库存：充裕 限购 :160
￥3.2,≈2.93,复方银翘氨敏胶囊,江西新赣江药业股份有限公司（原江西新赣江药业有限公司）,规格：12粒 ,效期：2022年01月,库存：充裕 限购 :400
￥5.4,≈4.95,蒲地蓝消炎片,哈尔滨市龙生北药生物工程股份有限公司,规格：0.6g*36片 ,效期：2023年05月,库存：充裕 限购 :400
￥6.9,≈6.33,甘草锌胶囊,山西国润制药有限公司,规格：0.25g*12粒*2板 ,效期：2022年07月,库存：充裕 限购 :400
￥7.3,≈6.69,复方丹参片,三门峡广宇生物制药有限公司,规格：200片 ,效期：2022年07月,库存：充裕 限购 :400
￥8.8,≈8.07,阿达帕林凝胶,武汉诺安药业有限公司,规格：15g*0.1%(30g:30mg) ,效期：2022年05月,库存：充裕 限购 :400
￥8.8,≈8.07,克林霉素磷酸酯凝胶,云南植物药业有限公司,规格：20g（1%） ,效期：2023年08月,库存：充裕 限购 :400
￥8.4,≈7.7,三七伤药胶囊,山西华元医药生物技术有限公司,规格：0.3g*48粒 ,效期：2023年04月,库存：充裕 限购 :400
￥4.8,,盐酸二甲双胍缓释片,山西华元医药生物技术有限公司,规格：0.5g*28片 ,效期：2023年05月,库存：充裕 限购 :400
￥15.8,≈14.49,硝苯地平控释片(欣然),上海现代制药股份有限公司,规格：30mg*7片 ,效期：2022年09月,库存：充裕 限购 :400
￥11.9,≈10.91,阿莫西林颗粒(再林),海南先声药业有限公司（原先声药业有限公司）,规格：0.125g*24袋 ,效期：2021年12月,库存：充裕 限购 :400
￥16.5,≈15.13,双氯芬酸钠缓释胶囊,药大制药有限公司（原中国药科大学制药有限公司）,规格：50mg*20粒 ,效期：2021年11月,库存：充裕 限购 :400
￥12.38,≈11.35,蒙脱石散(必奇),海南先声药业有限公司（原先声药业有限公司）,规格：3g*10袋 ,效期：2022年04月,库存：充裕 限购 :400
￥4.5,≈4.13,复方草珊瑚含片,江中药业股份有限公司,规格：0.44g*12片*4板（无蔗糖） ,效期：2021年09月,库存：充裕 限购 :400
￥5.25,≈4.81,复方草珊瑚含片,江中药业股份有限公司,规格：1.0g*24片 ,效期：2022年03月,库存：充裕 限购 :400
￥7.9,≈7.24,健胃消食片,江中药业股份有限公司,规格：0.8g*32片（无糖型） ,效期：2022年06月,库存：充裕 限购 :400
￥9,≈8.25,健儿消食口服液,江中药业股份有限公司委托江西和盈药业有限公司,规格：10ml*10支 ,效期：2021年08月,库存：充裕 限购 :400
￥22,≈20.17,妇科千金片,株洲千金药业股份有限公司,规格：108片 ,效期：2022年11月,库存：充裕 限购 :400
￥22,≈20.17,妇科千金片,株洲千金药业股份有限公司,规格：126片 ,效期：2023年01月,库存：充裕 限购 :400
￥6.8,≈6.24,糠酸莫米松乳膏,湖北恒安芙林药业股份有限公司(原湖北恒安药业有限公司,规格：10g：10mg ,效期：2022年05月,库存：充裕 限购 :400
￥83,≈76.11,驴胶补血颗粒,九芝堂股份有限公司,规格：20g*30包 ,效期：2022年07月,库存：充裕 限购 :400
￥30.5,≈27.97,补肾固齿丸,成都九芝堂金鼎药业有限公司,规格：4g*8袋 ,效期：2022年07月,库存：充裕 限购 :400
￥7.8,≈7.15,盐酸地芬尼多片(眩晕停),湖南千金湘江药业股份有限公司,规格：25mg*30片 ,效期：2023年07月,库存：充裕 限购 :400
￥17.9,≈16.41,通络祛痛膏(骨质增生一贴灵),河南羚锐制药股份有限公司,规格：7cm*10cm*5贴(新包装) ,效期：2022年02月,库存：充裕 限购 :100
￥9,≈8.25,医用冷敷贴（腰椎型）,湖北冠安堂药业有限公司,规格：8cm*10cm*6贴（桂龙膏药） ,效期：2022年09月,库存：充裕 限购 :100
￥9,≈8.25,医用冷敷贴（腰腿型）,湖北冠安堂药业有限公司,规格：8cm*10cm*6贴（桂龙膏药） ,效期：2022年09月,库存：充裕 限购 :100
￥9,≈8.25,医用冷敷贴（关节型）,湖北冠安堂药业有限公司,规格：8cm*10cm*6贴（桂龙膏药） ,效期：2022年09月,库存：充裕 限购 :100
￥9,≈8.25,医用冷敷贴（颈椎型）,湖北冠安堂药业有限公司,规格：8cm*10cm*6贴（桂龙膏药） ,效期：2022年09月,库存：充裕 限购 :100
￥9,≈8.25,医用冷敷贴（肩周型）,湖北冠安堂药业有限公司,规格：8cm*10cm*6贴（桂龙膏药） ,效期：2022年09月,库存：充裕 限购 :100
￥9.5,,猴耳环消炎片（薄膜衣片）,广州花城药业有限公司（原广州市花城制药厂）,规格：0.24g*100片 ,效期：2021年11月,库存：充裕 限购 :400
￥11.8,≈10.82,胞磷胆碱钠片,华润双鹤利民药业(济南)有限公司,规格：0.1g*12片 ,效期：2022年05月,库存：充裕 限购 :400
￥6.5,≈5.96,辛夷鼻炎丸,四川琦云药业有限责任公司,规格：3g*6袋 ,效期：2022年10月,库存：充裕 限购 :100
￥4.99,≈4.58,阿莫西林胶囊,哈药集团制药总厂,规格：0.5g*20粒. ,效期：2023年02月,库存：充裕 限购 :1000
￥7.5,≈6.88,葡萄糖酸锌口服溶液,亚宝药业四川制药有限公司,规格：10ml*10支 ,效期：2022年08月,库存：充裕 限购 :600
￥5,≈4.59,清火片,天津同仁堂集团股份有限公司,规格：0.31g*40片 ,效期：2022年01月,库存：充裕 限购 :400
￥7,≈6.42,精制银翘解毒片,天津同仁堂集团股份有限公司,规格：0.26g*40片 ,效期：2023年01月,库存：充裕 限购 :400
￥12.5,≈11.46,喷昔洛韦乳膏,重庆华邦制药有限公司,规格：10g:1% ,效期：2023年06月,库存：充裕 限购 :400
￥9.6,≈8.8,连花清瘟胶囊,石家庄以岭药业股份有限公司,规格：0.35g*24粒 ,效期：2023年01月,库存：充裕 限购 :200
￥75,≈68.78,伊曲康唑胶囊(斯皮仁诺胶囊),西安杨森制药有限公司,规格：0.1g*14粒 ,效期：2021年04月,库存：紧张 限购 :10
￥8.2,≈7.52,维A酸乳膏,江苏福邦药业有限公司,规格：20g(0.025%) ,效期：2022年09月,库存：充裕 限购 :100
￥6.3,≈5.78,牡蛎碳酸钙颗粒,广州白云山光华药业股份有限公司,规格：5g*20小袋 ,效期：2022年04月,库存：充裕 限购 :400
￥7,≈6.42,牡蛎碳酸钙片,广州白云山光华制药股份有限公司,规格：100片 ,效期：2022年07月,库存：充裕 限购 :400
￥2.3,≈2.11,三黄片,湖北亿雄祥瑞药业股份有限公司,规格：100片 ,效期：2022年09月,库存：充裕 限购 :400
￥3.1,≈2.84,板蓝根注射液,朗致集团万荣药业有限公司,规格：2ml*10支 ,效期：2022年03月,库存：充裕 限购 :400
￥38,≈34.85,飞鹰活络油,欧化药业有限公司,规格：20ml ,效期：2022年09月,库存：紧张 限购 :400
￥2.5,≈2.29,黄连上清片,华阳（恩施）药业有限公司,规格：100片（糖衣片） ,效期：2023年06月,库存：充裕 限购 :400
￥2.05,≈1.88,元胡止痛片,湖北亿雄祥瑞药业股份有限公司,规格：0.25g*100片（糖衣片） ,效期：2022年08月,库存：充裕 限购 :400
￥0.95,≈0.87,阿昔洛韦乳膏,福建太平洋制药有限公司,规格：10g(3%) ,效期：2023年04月,库存：充裕 限购 :400
￥0.85,≈0.78,阿昔洛韦乳膏,遂成药业股份有限公司,规格：10g ,效期：2022年04月,库存：充裕 限购 :400
￥4.3,≈3.94,红霉素眼膏,广州白云山医药集团股份有限公司白云山何济公制药厂,规格：0.5%*2.5g ,效期：2025年04月,库存：充裕 限购 :400
￥5.5,≈5.04,盐酸金霉素眼膏,广州白云山医药集团股份有限公司白云山何济公制药厂,规格：(0.5%)2.5g ,效期：2023年11月,库存：充裕 限购 :400
￥6.6,≈6.05,复方黄连素片,华阳（恩施）药业有限公司,规格：100片 ,效期：2022年07月,库存：充裕 限购 :400
￥2.5,≈2.29,咽炎片,伊春五加参药业有限责任公司,规格：0.25g*15片*2板 ,效期：2023年03月,库存：充裕 限购 :400
￥1.8,≈1.65,金银花硬质糖果,鑫三扬药业（厦门）有限公司,规格：40g（2g*20粒） ,效期：2022年06月,库存：充裕 限购 :400
￥1.8,≈1.65,金银花硬质糖果,鑫三扬药业（厦门）有限公司,规格：40g（2g*20粒） ,效期：2022年06月,库存：充裕 限购 :400
￥8.5,≈7.79,吲哚美辛三七冰片栓,广州白云山医药集团股份有限公司白云山何济公制药厂,规格：10粒 ,效期：2022年01月,库存：充裕 限购 :400
￥13.2,≈12.1,跌打镇痛膏,广州白云山医药集团股份有限公司白云山何济公制药厂,规格：10cm*7cm*8贴 ,效期：2022年09月,库存：充裕 限购 :400
￥4.3,≈3.94,氧氟沙星凝胶,黑龙江天龙药业有限公司,规格：20g（20g：100mg） ,效期：2022年07月,库存：充裕 限购 :400
￥4.8,,清热散结片,广东省惠州市中药厂有限公司,规格：20片/板*3板/盒 ,效期：2022年08月,库存：充裕 限购 :400
￥5.4,≈4.95,阿达帕林凝胶,江苏福邦药业有限公司,规格：10g(0.1%) ,效期：2022年08月,库存：充裕 限购 :400
￥1.3,≈1.19,氯霉素滴眼液,广东宏盈科技有限公司,规格：0.25%（8ml:20mg）(含玻璃酸钠） ,效期：2021年08月,库存：充裕 限购 :400
￥12.8,≈11.74,正天丸,华润三九医药股份有限公司委托惠州市九惠制药股份有限公司,规格：6g*10袋 ,效期：2022年05月,库存：充裕 限购 :400
￥9.5,≈8.71,枇杷止咳胶囊,贵州神奇药业有限公司,规格：0.25g*24粒 ,效期：2022年08月,库存：充裕 限购 :400
￥14.5,≈13.3,附桂骨痛胶囊,贵州家诚药业有限责任公司,规格：0.33g*48粒 ,效期：2022年06月,库存：充裕 限购 :400
￥7.5,≈6.88,头孢羟氨苄片,石药集团欧意药业有限公司,规格：0.25g*24片 ,效期：2023年02月,库存：充裕 限购 :400
￥13.8,≈12.65,盐酸多奈哌齐片,陕西方舟制药有限公司,规格：5mg*7片 ,效期：2022年05月,库存：充裕 限购 :400
￥12.9,≈11.83,盐酸溴己新片（必嗽平）,万邦德制药集团股份有限公司,规格：8mg*200片 ,效期：2022年10月,库存：紧张 限购 :400
￥19,≈17.42,儿童复方氨酚肾素片（儿童科达琳）,香港幸福医药有限公司,规格：12片 ,效期：2022年01月,库存：充裕 限购 :400
￥4.2,≈3.85,肌苷注射液,安徽金太阳生化药业有限公司,规格：2ml：0.1g*10支 ,效期：2022年06月,库存：充裕 限购 :400
￥2.8,≈2.57,土霉素片,安徽金太阳生化药业有限公司,规格：0.125g*100片 ,效期：2023年08月,库存：充裕 限购 :400
￥3.88,≈3.56,土霉素片,安徽金太阳生化药业有限公司,规格：0.25g*100片 ,效期：2023年07月,库存：充裕 限购 :400
￥35,≈32.1,土霉素片,安徽金太阳生化药业有限公司,规格：0.25g*1000片 ,效期：2023年05月,库存：充裕 限购 :400
￥16,≈14.67,氯霉素片,安徽金太阳生化药业有限公司,规格：0.25g*100片 ,效期：2023年09月,库存：充裕 限购 :400
￥1.3,≈1.19,醋酸地塞米松片,安徽金太阳生化药业有限公司,规格：0.75mg*100片 ,效期：2022年01月,库存：充裕 限购 :400
￥1.9,≈1.74,醋酸泼尼松片,安徽金太阳生化药业有限公司,规格：5mg*100片 ,效期：2023年09月,库存：充裕 限购 :400
￥14.2,≈13.02,红霉素肠溶片,安徽金太阳生化药业有限公司,规格：0.125g*100片 ,效期：2023年03月,库存：充裕 限购 :400
￥8.1,≈7.43,肌苷片,安徽金太阳生化药业有限公司,规格：0.2g*100片 ,效期：2023年06月,库存：充裕 限购 :400
￥1.45,≈1.33,氟康唑片,遂成药业股份有限公司（原为天津药业集团新郑股份有限公司,规格：50mg*3片 ,效期：2022年06月,库存：充裕 限购 :400
￥3.65,≈3.35,阿莫西林胶囊,重庆迪康长江制药有限公司,规格：0.25g*50粒 ,效期：2022年09月,库存：充裕 限购 :400
￥15,≈13.76,保和口服液,广东宏兴集团股份有限公司宏兴制药厂,规格：10ml*6支 ,效期：2022年03月,库存：充裕 限购 :400
￥3.95,≈3.62,复方石韦胶囊,贵阳济仁堂药业有限公司,规格：0.35g*24粒 ,效期：2023年07月,库存：充裕 限购 :400
￥10.3,≈9.45,莫匹罗星软膏,澳美制药厂（香港）,规格：5g ,效期：2022年06月,库存：充裕 限购 :400
￥4.7,≈4.31,复方黄连素片,湖北诺得胜制药有限公司,规格：30mg*18片*2板 ,效期：2022年12月,库存：紧张 限购 :400
￥2.25,≈2.06,复方酮康唑软膏,上海朝晖药业有限公司,规格：7g ,效期：2023年03月,库存：充裕 限购 :400
￥2.5,≈2.29,注射用赖氨匹林,四川美大康华康药业有限公司,规格：0.9g ,效期：2022年06月,库存：充裕 限购 :400
￥1.8,≈1.65,复方穿心莲片,云南省曲靖药业有限公司,规格：100片 ,效期：2023年06月,库存：充裕 限购 :400
￥5.6,≈5.14,复方氨酚烷胺胶囊,江西铜鼓仁和制药有限公司,规格：10粒 ,效期：2022年05月,库存：充裕 限购 :400
￥9.9,≈9.08,清开灵颗粒,广州白云山明兴制药有限公司,规格：10g*10小袋 ,效期：2022年04月,库存：充裕 限购 :400
￥8.9,≈8.16,妇炎净胶囊,广西梧州制药（集团）股份有限公司,规格：0.4g*24粒 ,效期：2022年03月,库存：紧张 限购 :400
￥1.68,≈1.54,双氯芬酸钠肠溶片,白云山汤阴东泰药业有限责任公司,规格：25mg*100片 ,效期：2023年07月,库存：充裕 限购 :400
￥5.9,,穿心莲片,广西嘉进药业股份有限公司,规格：80片 ,效期：2022年03月,库存：充裕 限购 :400
￥19.5,,复方氨酚肾素片（科达琳）,香港幸福医药有限公司,规格：12片 ,效期：2022年03月,库存：充裕 限购 :400
￥26.7,,盐酸乙哌立松片,卫材(中国）药业有限公司,规格：50mg*20片 ,效期：2022年12月,库存：紧张 限购 :400
￥6.5,≈5.96,洛索洛芬钠片（安普洛）,卫材(辽宁)制药有限公司,规格：60mg*10片 ,效期：2022年02月,库存：充裕 限购 :400
￥4.6,≈4.22,降糖宁胶囊,通化颐生药业股份有限公司,规格：0.4g*48粒 ,效期：2023年05月,库存：紧张 限购 :400
￥46,≈42.18,缬沙坦氨氯地平片（I）倍博特,Novartis Farmaceutica S.A..Spain（北京诺华制药有限公司）,规格：7片 ,效期：2023年02月,库存：充裕 限购 :400
￥10.88,≈9.98,前列舒乐软胶囊,通化利民药业有限责任公司,规格：0.6g*45粒 ,效期：2023年03月,库存：充裕 限购 :400
￥2.66,≈2.44,拔毒膏,安阳中智药业有限责任公司,规格：0.5g*5贴 ,效期：2023年04月,库存：充裕 限购 :400
￥5.3,≈4.86,阿咖酚散,特一药业集团股份有限公司,规格：100包 ,效期：2022年05月,库存：充裕 限购 :400
￥85,≈77.95,季德胜蛇药片,精华制药集团股份有限公司,规格：0.4g*60片 ,效期：2022年06月,库存：充裕 限购 :400
￥8.2,≈7.52,甲硝唑凝胶,天津市天骄制药有限公司,规格：20g（10g:75mg） ,效期：2022年03月,库存：充裕 限购 :400
￥2.8,≈2.57,三七片,湖北亿雄祥瑞药业股份有限公司,规格：40片 ,效期：2022年08月,库存：充裕 限购 :400
￥8.4,≈7.7,吡拉西坦片,安徽金太阳生化药业有限公司,规格：0.4g*100片 ,效期：2023年09月,库存：充裕 限购 :400
￥7,≈6.42,手足防裂霜,江西药健实业有限公司,规格：100g ,效期：2022年10月,库存：充裕 限购 :100
￥7,≈6.42,维E滋润霜,江西药健实业有限公司,规格：100g ,效期：2022年10月,库存：充裕 限购 :100
￥7,≈6.42,凡士林润肤霜,江西药健实业有限公司,规格：100g ,效期：2022年10月,库存：充裕 限购 :100
￥240,,复方阿胶浆(无糖),东阿阿胶股份有限公司,规格：20ml*48支 ,效期：2022年10月,库存：充裕 限购 :100
￥12,≈11,丁桂儿脐贴,亚宝药业集团股份有限公司,规格：1.6g*2贴 ,效期：2022年02月,库存：充裕 限购 :400
￥9.5,≈8.71,复方氢溴酸右美沙芬糖浆,湖北凤凰白云山药业有限公司,规格：60ml（儿童用） ,效期：2021年12月,库存：充裕 限购 :1000
￥9.3,,湿毒清片,广州诺金制药有限公司,规格：0.6g*30片 ,效期：2022年08月,库存：充裕 限购 :400
￥2.2,≈2.02,布洛芬颗粒,石药集团欧意药业有限公司,规格：0.2g*12袋 ,效期：2021年03月,库存：充裕 限购 :800
￥1.1,≈1.01,盐酸氨溴索胶囊,安徽省先峰制药有限公司,规格：30mg*12粒 ,效期：2021年10月,库存：充裕 限购 :400
￥3.8,≈3.48,葡萄糖饮品,通化益康堂生物科技有限公司委托成都市益康堂药业有限公司生产,规格：20ml*5支 ,效期：2022年08月,库存：充裕 限购 :400
￥38.5,≈35.3,阿法骨化醇软胶囊,昆明贝克诺顿制药有限公司分装,规格：0.25ug*20粒 ,效期：2022年09月,库存：充裕 限购 :400
￥10.5,≈9.63,阿莫西林胶囊,哈药集团制药总厂,规格：0.5g*36粒 ,效期：2023年03月,库存：充裕 限购 :400
￥6.1,≈5.59,维生素E乳,广州汤臣本草医药科技有限公司委托江西汇发实业有限公司,规格：100ml ,效期：2022年03月,库存：充裕 限购 :400
￥8.5,≈7.79,四季感冒胶囊,哈药集团三精千鹤制药有限公司,规格：0.35g*36粒 ,效期：2021年11月,库存：紧张 限购 :200
￥4.8,≈4.4,金银花抑菌花露水,广州汤臣本草医药科技有限公司委托江西汇发实业有限公司,规格：200ml（喷雾型） ,效期：2023年03月,库存：充裕 限购 :100
￥650,,益安宁丸,同溢堂药业有限公司,规格：112丸/瓶*3瓶/盒 ,效期：2023年07月,库存：紧张 限购 :30
￥11.5,≈10.55,双黄连口服液,河南太龙药业股份有限公司,规格：10ml*10支 ,效期：2023年02月,库存：充裕 限购 :400
￥11.5,≈10.55,双黄连口服液,河南太龙药业股份有限公司,规格：10ml*6支（浓缩型） ,效期：2023年03月,库存：充裕 限购 :400
￥5.9,≈5.41,清胃黄连丸,甘肃佛仁制药科技有限公司,规格：9g*10袋 ,效期：2022年07月,库存：充裕 限购 :400
￥3.9,,槟榔四消丸,甘肃佛仁制药科技有限公司,规格：6g*10袋 ,效期：2022年06月,库存：充裕 限购 :400
￥3.3,≈3.03,夏枯草膏,北京东升制药有限公司,规格：100g ,效期：2021年04月,库存：充裕 限购 :400
￥31,≈28.43,华佗再造丸,广州白云山奇星药业有限公司委托广州白云山中一药业有限公司生产,规格：8g*8袋 ,效期：2024年04月,库存：充裕 限购 :100
￥15.7,≈14.4,鼻炎康片,国药集团德众(佛山)药业有限公司,规格：0.37g*72片 ,效期：2022年03月,库存：充裕 限购 :400
￥47.5,≈43.56,保妇康栓,海南碧凯药业有限公司,规格：1.74g*14粒（OTC） ,效期：2021年11月,库存：充裕 限购 :400
￥31.5,,保妇康栓,海南碧凯药业有限公司,规格：1.74g*8枚 ,效期：2022年07月,库存：充裕 限购 :400
￥12.35,≈11.32,左炔诺孕酮片(金毓婷),华润紫竹药业有限公司,规格：1.5mg*1片 ,效期：2025年06月,库存：充裕 限购 :400
￥23.5,≈21.55,枸橼酸铋钾胶囊,丽珠集团丽珠制药厂,规格：0.3g:110mg*40粒 ,效期：2023年04月,库存：充裕 限购 :400
￥13.9,≈12.75,枸橼酸铋钾颗粒(丽珠得乐颗粒),丽珠集团丽珠制药厂,规格：1.0g：110mg*28袋 ,效期：2023年05月,库存：充裕 限购 :400
￥27.9,≈25.58,枸橼酸铋钾颗粒(丽珠得乐颗粒),丽珠集团丽珠制药厂,规格：每袋1.0g:含铋110mg*56袋 ,效期：2023年06月,库存：充裕 限购 :400
￥31.25,≈28.66,麝香舒活灵,四川光大制药有限公司,规格：80ml ,效期：2023年02月,库存：充裕 限购 :400
￥5.8,≈5.32,双氯芬酸钠缓释胶囊,南京易亨制药有限公司,规格：50mg*24粒 ,效期：2022年05月,库存：充裕 限购 :400
￥10.38,≈9.52,非洛地平缓释片,南京易亨制药有限公司,规格：5mg*20片 ,效期：2022年03月,库存：充裕 限购 :400
￥2.8,≈2.57,防水创可贴,哈药集团制药总厂委托哈药集团三精制药四厂有限公司,规格：70mm*18mm*16片（卡通） ,效期：2023年03月,库存：充裕 限购 :400
￥8.9,≈8.16,哈药牌蜂胶芦荟胶（抑菌）,哈药集团三精制药四厂有限公司,规格：45g ,效期：2022年03月,库存：充裕 限购 :400
￥1.3,≈1.19,防水创可贴,哈药集团制药总厂委托哈药集团三精制药四厂有限公司,规格：72mm*22mm*8片/袋（耐磨型） ,效期：2023年03月,库存：充裕 限购 :400
￥2.2,≈2.02,弹性创可贴,哈药集团制药总厂委托哈药集团三精制药四厂有限公司,规格：16贴 ,效期：2023年03月,库存：充裕 限购 :400
￥3.9,≈3.58,哈药牌维生素C咀嚼片（草莓味）,哈药集团三精制药四厂有限公司,规格：0.7g/片*20片 ,效期：2022年04月,库存：充裕 限购 :400
￥3.9,≈3.58,哈药牌维生素C咀嚼片（甜橙味）,哈药集团三精制药四厂有限公司,规格：0.7g*20片 ,效期：2021年12月,库存：充裕 限购 :400
￥24,≈22.01,盐酸坦索罗辛缓释胶囊,江苏恒瑞医药股份有限公司,规格：0.2mg*14粒 ,效期：2021年12月,库存：充裕 限购 :400
￥75,,非布司他片,江苏恒瑞医药股份有限公司委托成都盛迪医药有限公司生产,规格：40mg*14片 ,效期：2021年08月,库存：充裕 限购 :400
￥4.59,≈4.21,厄贝沙坦片,江苏恒瑞医药股份有限公司委托成都盛迪医药有限公司,规格：0.15g*7s ,效期：2022年08月,库存：充裕 限购 :400
￥7.5,,小儿化痰止咳颗粒,福建省泉州恒达制药有限公司,规格：5g*8袋 ,效期：2023年03月,库存：充裕 限购 :400
￥5.15,,苍耳子鼻炎胶囊,四川禾泰药业有限公司（原四川禾邦阳光制药股份有限公司）,规格：0.4g*24粒 ,效期：2021年08月,库存：充裕 限购 :800
￥89.5,≈82.07,排毒养颜胶囊,云南盘龙云海药业有限公司,规格：0.4g*70粒 ,效期：2023年04月,库存：充裕 限购 :100
￥5,≈4.59,曲安奈德益康唑乳膏,浙江得恩德制药股份有限公司（原浙江得恩德制药有限公司）,规格：20g ,效期：2022年09月,库存：充裕 限购 :100
￥10.8,,黄芪精,台州南峰药业有限公司,规格：10ml*10支 ,效期：2022年09月,库存：充裕 限购 :100
￥0.5,≈0.46,对乙酰氨基酚片,成都天台山制药有限公司,规格：0.5g*12s ,效期：2021年04月,库存：充裕 限购 :100
￥4.1,≈3.76,尿素维E乳膏,福元药业有限公司,规格：50g/支（15%） ,效期：2023年08月,库存：充裕 限购 :400
￥3.75,≈3.44,尿素维E乳膏,福元药业有限公司（原福元药业股份有限公司）,规格：25g(15%) ,效期：2023年07月,库存：充裕 限购 :400
￥3.3,≈3.03,盐酸特比萘芬乳膏,福元药业有限公司,规格：10g（1%） ,效期：2023年07月,库存：充裕 限购 :400
￥8,≈7.34,硫软膏,福元药业有限公司（原福元药业股份有限公司）,规格：20g(10%) ,效期：2023年05月,库存：充裕 限购 :400
￥15,≈13.76,复方珍珠暗疮片,国药集团德众（佛山）药业有限公司,规格：0.33g*84片 ,效期：2022年11月,库存：充裕 限购 :400
￥7,≈6.42,少林跌打止痛膏,国药集团德众(佛山)药业有限公司,规格：7cm*10cm*8贴 ,效期：2022年07月,库存：充裕 限购 :400
￥4.2,≈3.85,清咽片,国药集团德众(佛山)药业有限公司,规格：0.31g*24片(德众) ,效期：2023年01月,库存：充裕 限购 :400
￥4.55,≈4.17,通舒口爽片,陕西君碧莎制药有限公司,规格：0.34g*30片 ,效期：2022年03月,库存：充裕 限购 :400
￥14,≈12.84,除湿止痒软膏,四川德峰药业有限公司,规格：10g ,效期：2021年10月,库存：充裕 限购 :400
￥7.6,≈6.97,马应龙麝香痔疮膏,马应龙药业集团股份有限公司,规格：10g ,效期：2023年06月,库存：充裕 限购 :400
￥10.8,≈9.9,麝香痔疮栓,马应龙药业集团股份有限公司,规格：1.5g*6粒 ,效期：2022年06月,库存：充裕 限购 :400
￥12.3,≈11.28,口炎颗粒,四川光大制药有限公司,规格：3g*10袋 ,效期：2022年11月,库存：充裕 限购 :400
￥7.8,≈7.15,夫西地酸钠软膏,海思科制药（眉山）有限公司（原四川海思科制药有限公司）,规格：5g（2%） ,效期：2021年04月,库存：充裕 限购 :400
￥5.3,≈4.86,富马酸替诺福韦二吡呋酯片,海思科制药（眉山）有限公司（原四川海思科制药有限公司）,规格：300mg*10片*3板 ,效期：2021年03月,库存：充裕 限购 :400
￥15.5,≈14.21,恩替卡韦胶囊,海思科制药（眉山）有限公司（原四川海思科制药有限公司）,规格：0.5mg*14粒 ,效期：2021年11月,库存：充裕 限购 :400
￥8.99,≈8.24,恩替卡韦胶囊,海思科制药（眉山）有限公司（原四川海思科制药有限公司）,规格：0.5mg*7粒 ,效期：2022年04月,库存：充裕 限购 :400
￥5.5,≈5.04,百癣夏塔热片,黑龙江省济仁药业有限公司,规格：0.31g*32片 ,效期：2023年06月,库存：充裕 限购 :400
￥2.18,≈2,复方氨酚烷胺胶囊,好医生药业集团有限公司（原四川好医生药业集团有限公司）,规格：12粒 ,效期：2023年09月,库存：充裕 限购 :400
￥22.5,≈20.63,肿痛安胶囊,河北奥星集团药业有限公司,规格：0.28g*36粒 ,效期：2023年06月,库存：充裕 限购 :400
￥7.4,≈6.79,正骨水,广西玉林制药集团有限责任公司,规格：12ml ,效期：2022年02月,库存：充裕 限购 :400
￥14.5,,正骨水,广西玉林制药集团有限责任公司,规格：30ml ,效期：2023年05月,库存：充裕 限购 :400
￥16.88,≈15.48,湿毒清胶囊,广西玉林制药集团有限责任公司,规格：0.5g*30粒 ,效期：2023年08月,库存：充裕 限购 :400
￥5.99,≈5.49,珍黄胶囊,广西玉林制药集团有限责任公司,规格：0.2g*12粒 ,效期：2023年03月,库存：充裕 限购 :400
￥6.5,≈5.96,川贝罗汉止咳颗粒,广西麦克健丰制药有限公司,规格：10g*8袋 ,效期：2021年08月,库存：充裕 限购 :400
￥4.3,≈3.94,肠康片,湖南中和制药有限公司,规格：50mg*20片 ,效期：2023年06月,库存：充裕 限购 :400
￥13,≈11.92,阿奇霉素分散片,石药集团欧意药业有限公司,规格：0.25g*12片 ,效期：2022年02月,库存：紧张 限购 :400
￥10.5,≈9.63,四君子合剂,四川森科制药有限公司,规格：100ml ,效期：2022年07月,库存：充裕 限购 :400
￥4.5,≈4.13,咳特灵胶囊,广东恒诚制药股份有限公司,规格：30粒 ,效期：2022年02月,库存：充裕 限购 :400
￥9,,脑心清胶囊,辽宁上药好护士药业（集团）有限公司,规格：0.25g*24粒 ,效期：2021年06月,库存：紧张 限购 :400
￥7.2,≈6.6,萘敏维滴眼液(润宁),湖北远大天天明制药有限公司,规格：10ml ,效期：2022年07月,库存：充裕 限购 :400
￥8.9,≈8.16,吡诺克辛钠滴眼液(白内停),湖北远大天天明制药有限公司,规格：15ml:0.8mg ,效期：2022年05月,库存：充裕 限购 :400
￥4.5,≈4.13,哈西奈德溶液,湖北舒邦药业有限公司,规格：10ml（0.1%） ,效期：2022年06月,库存：充裕 限购 :400
￥3.3,≈3.03,妥布霉素滴眼液,湖北远大天天明制药有限公司,规格：5ml:15mg ,效期：2022年06月,库存：充裕 限购 :400
￥2.5,≈2.29,林可霉素利多卡因凝胶(绿药膏),湖北舒邦药业有限公司,规格：10g ,效期：2022年03月,库存：充裕 限购 :400
￥5.9,≈5.41,复方羊角片,大连汉方药业有限公司,规格：0.3g*45片 ,效期：2023年05月,库存：充裕 限购 :400
￥4.2,≈3.85,维生素E软胶囊,国药控股星鲨制药(厦门)有限公司,规格：50mg*60粒 ,效期：2023年06月,库存：充裕 限购 :400
￥4.1,≈3.76,维生素A软胶囊(原维生素A胶丸),国药控股星鲨制药(厦门)有限公司,规格：2.5万(单位)*100粒 ,效期：2022年07月,库存：充裕 限购 :400
￥10.9,≈10,鱼肝油乳,国药控股星鲨制药(厦门)有限公司,规格：500ml ,效期：2022年05月,库存：充裕 限购 :400
￥5.33,≈4.89,复方黄连素片（糖衣片）,四川森科制药有限公司,规格：100片 ,效期：2022年03月,库存：充裕 限购 :400
￥9.2,≈8.44,金银花颗粒,四川森科制药有限公司(原成都森科制药有限公司）,规格：10g*20袋 ,效期：2022年06月,库存：充裕 限购 :400
￥12.5,≈11.46,抗感颗粒,贵州盛世龙方制药股份有限公司,规格：10g*9袋 ,效期：2022年07月,库存：充裕 限购 :400
￥23.5,≈21.55,黄芪颗粒,贵州汉方药业有限公司,规格：15g*18袋 ,效期：2022年09月,库存：充裕 限购 :400
￥7.2,≈6.6,板蓝根颗粒,北京同仁堂科技发展股份有限公司制药厂,规格：5g*10袋 ,效期：2022年10月,库存：充裕 限购 :400
￥17.2,≈15.77,川贝止咳露（川贝枇杷露）,北京同仁堂科技发展股份有限公司制药厂,规格：150ml ,效期：2021年10月,库存：紧张 限购 :400
￥8.5,≈7.79,苄达赖氨酸滴眼液,长春普华制药股份有限公司,规格：8ml:40mg ,效期：2022年06月,库存：充裕 限购 :400
￥9.2,≈8.44,复方熊胆滴眼液,长春普华制药股份有限公司,规格：8ml ,效期：2021年09月,库存：充裕 限购 :400
￥8.1,≈7.43,复方熊胆滴眼液,长春普华制药股份有限公司,规格：5ml ,效期：2021年10月,库存：充裕 限购 :400
￥5.9,≈5.41,丹皮酚软膏,长春普华制药股份有限公司,规格：20g ,效期：2022年07月,库存：充裕 限购 :400
￥3.5,≈3.21,丹皮酚软膏,长春普华制药股份有限公司,规格：10g ,效期：2022年06月,库存：充裕 限购 :400
￥7.3,,苄达赖氨酸滴眼液,长春普华制药股份有限公司,规格：5ml(5ml:25mg) ,效期：2020年12月,库存：充裕 限购 :400
￥15.8,≈14.49,肾炎片,浙江天一堂药业有限公司,规格：20片*4板 ,效期：2023年03月,库存：充裕 限购 :400
￥12,≈11,中华跌打丸,广西梧州制药（集团）股份有限公司,规格：6g*8袋(小蜜丸) ,效期：2021年10月,库存：充裕 限购 :400
￥21,,复方高山红景天口服液,莎普爱思强身药业有限公司,规格：10ml*10支 ,效期：2023年09月,库存：已抢光 限购 :400
￥72,,磷酸奥司他韦颗粒,宜昌东阳光长江药业股份有限公司,规格：25mg*10袋 ,效期：2021年04月,库存：充裕 限购 :400
￥51,≈46.77,磷酸奥司他韦颗粒,宜昌东阳光长江药业股份有限公司,规格：15mg*12袋 ,效期：2021年09月,库存：充裕 限购 :400
￥85,,磷酸奥司他韦胶囊,宜昌东阳光长江药业股份有限公司,规格：75mg*6粒 ,效期：2021年10月,库存：充裕 限购 :400
￥19.9,≈18.25,盐酸坦索罗辛缓释胶囊(原盐酸坦洛新缓释胶囊),杭州康恩贝制药有限公司,规格：0.2mg*7粒*2板 ,效期：2023年04月,库存：充裕 限购 :400
￥9.9,≈9.08,弹性创可贴,云南白药集团股份有限公司委托江苏南方卫材医药股份有限公司,规格：70mm*20mm*100片 ,效期：2023年04月,库存：充裕 限购 :100
￥6.5,≈5.96,月见草油胶丸,国药集团武汉中联四药药业有限公司,规格：0.3g*40粒 ,效期：2021年10月,库存：充裕 限购 :400
￥1.1,≈1.01,小儿四维葡钙颗粒,成都迪康药业股份有限公司,规格：6g*10袋 ,效期：2021年06月,库存：充裕 限购 :400
￥8.2,≈7.52,强力枇杷露,广西恒科药业有限公司,规格：250ml/瓶 ,效期：2021年11月,库存：充裕 限购 :400
￥17.9,≈16.41,十五味龙胆花丸,西藏金哈达药业有限公司,规格：72丸 ,效期：2022年11月,库存：充裕 限购 :400
￥15.5,≈14.21,头孢地尼分散片,天津华津制药有限公司,规格：100mg*12片 ,效期：2022年05月,库存：充裕 限购 :400
￥9.5,≈8.71,盐酸二甲双胍缓释片,哈尔滨同一堂药业有限公司,规格：0.5g*45粒 ,效期：2023年07月,库存：充裕 限购 :400
￥7.2,≈6.6,生理性海水鼻腔喷雾器（喷必净）,南京天朗制药有限公司,规格：30ml ,效期：2022年10月,库存：充裕 限购 :400
￥9,≈8.25,胃炎宁颗粒,湖北老中醫制药有限责任公司,规格：15g*6袋 ,效期：2023年04月,库存：充裕 限购 :400
￥16,≈14.67,补血当归精,荣康集团广西康世缘制药有限公司,规格：10ml*12支 ,效期：2022年09月,库存：紧张 限购 :400
￥8.9,≈8.16,麦迪霉素片,重庆科瑞制药（集团）有限公司,规格：0.1g*100片 ,效期：2022年02月,库存：充裕 限购 :400
￥7.4,≈6.79,克拉霉素片(科曼欣),重庆科瑞制药(集团)有限公司,规格：0.125g*12片 ,效期：2022年03月,库存：充裕 限购 :400
￥5.5,≈5.04,陈香露白露片,重庆科瑞制药（集团）有限公司,规格：0.3g*100片 ,效期：2022年04月,库存：充裕 限购 :400
￥3.1,≈2.84,乳酸左氧氟沙星滴眼液,重庆科瑞制药(集团)有限公司,规格：5ml(5ml:15mg) ,效期：2022年04月,库存：充裕 限购 :400
￥5.2,,龙胆泻肝片,太极集团重庆桐君阁药厂有限公司,规格：0.45g*50片 ,效期：2023年05月,库存：充裕 限购 :400
￥5.2,,槐角丸,太极集团重庆桐君阁药厂有限公司,规格：6g*5袋 ,效期：2023年05月,库存：充裕 限购 :400
￥5.2,,麻仁丸,太极集团重庆桐君阁药厂有限公司,规格：6g*5袋 ,效期：2023年08月,库存：充裕 限购 :400
￥16.9,≈15.5,穿龙骨刺片,太极集团重庆桐君阁药厂有限公司,规格：0.5g*100片 ,效期：2023年08月,库存：充裕 限购 :400
￥4.7,,清眩片,太极集团重庆桐君阁药厂有限公司,规格：0.48g*50片 ,效期：2023年05月,库存：充裕 限购 :400
￥3.05,≈2.8,苯磺酸氨氯地平片,宁波大红鹰药业股份有限公司,规格：5mg*28片 ,效期：2022年07月,库存：充裕 限购 :400
￥9.4,≈8.62,气滞胃痛颗粒(无糖型),辽宁华润本溪三药有限公司,规格：2.5g*6袋 ,效期：2023年07月,库存：充裕 限购 :400
￥3.9,≈3.58,金银花露,湖北金龙药业有限公司,规格：260ml（儿童） ,效期：2021年06月,库存：充裕 限购 :400
￥37.5,≈34.39,金天格胶囊,金花企业（集团）股份有限公司西安金花制药厂,规格：0.4g*24粒 ,效期：2022年06月,库存：充裕 限购 :400
￥9.9,≈9.08,五维赖氨酸颗粒,南京厚生药业有限公司,规格：5g*8袋 ,效期：2021年12月,库存：充裕 限购 :400
￥28,≈25.68,银杏酮酯滴丸,山西千汇药业有限公司,规格：5mg*120丸 ,效期：2022年06月,库存：充裕 限购 :400
￥27.5,≈25.22,别嘌醇缓释胶囊,黑龙江澳利达奈德制药有限公司,规格：0.25g*10粒 ,效期：2022年04月,库存：充裕 限购 :400
￥31,≈28.43,盘龙七片,陕西盘龙药业集团股份有限公司,规格：0.3g*36片 ,效期：2022年08月,库存：充裕 限购 :400
￥11,≈10.09,阿奇霉素肠溶胶囊,浙江华润三九众益制药有限公司,规格：0.25g*6粒 ,效期：2021年11月,库存：充裕 限购 :400
￥15,,血府逐瘀片,潍坊中狮制药有限公司,规格：0.4g*48片 ,效期：2022年09月,库存：充裕 限购 :400
￥20.5,≈18.8,阿胶补血口服液,山东福牌制药有限公司,规格：20ml*6支 ,效期：2022年06月,库存：充裕 限购 :400
￥82,≈75.19,冰樟桉氟轻松贴膏(皮炎灵硬膏),河南羚锐制药股份有限公司,规格：4CM*6.5CM*4贴*100袋/盒 ,效期：2022年04月,库存：充裕 限购 :400
￥24.5,≈22.47,辣椒风湿膏,河南羚锐制药股份有限公司,规格：7cm*10cm*2贴*10袋 ,效期：2022年05月,库存：充裕 限购 :400
￥71,≈65.11,伤湿止痛膏,河南羚锐制药股份有限公司,规格：7cm*10cm*10贴*25袋 ,效期：2022年06月,库存：充裕 限购 :400
￥75,≈68.78,壮骨麝香止痛膏,河南羚锐制药股份有限公司,规格：7cm*10cm*10贴*25袋 ,效期：2022年07月,库存：充裕 限购 :400
￥57.5,≈52.73,关节止痛膏,河南羚锐制药股份有限公司,规格：7cm*10cm*10贴*20袋 ,效期：2022年07月,库存：充裕 限购 :400
￥54,≈49.52,定坤丹,山西广誉远国药有限公司,规格：6g*6丸 ,效期：2022年10月,库存：充裕 限购 :400
￥224,≈205.41,静心助眠口服液,深圳太太药业有限公司,规格：15ml*60支 ,效期：2022年08月,库存：充裕 限购 :400
￥135,,静心助眠口服液,深圳太太药业有限公司,规格：15ml*30支 ,效期：2022年07月,库存：充裕 限购 :400
￥7.9,≈7.24,斧标正红花油,梁介福(广东)药业有限公司,规格：22ml ,效期：2024年08月,库存：充裕 限购 :400
￥2.66,≈2.44,斧标驱风油,梁介福(广东)药业有限公司,规格：3ml ,效期：2023年09月,库存：充裕 限购 :400
￥11.5,≈10.55,乳癖消片,沈阳红药集团股份有限公司,规格：0.32g*100片 ,效期：2023年05月,库存：充裕 限购 :400
￥14.9,≈13.66,雷贝拉唑钠肠溶片(丁齐尔),双鹤药业（海南）有限责任公司（原海南中化联合制药工业股份有限公司）,规格：10mg*7片 ,效期：2022年02月,库存：充裕 限购 :400
￥23.3,≈21.37,维生素AD滴剂(胶囊型)(1岁以下),国药控股星鲨制药（厦门）有限公司,规格：48粒 ,效期：2022年05月,库存：充裕 限购 :400
￥23.3,≈21.37,维生素AD滴剂(胶囊型)(1岁以上),国药控股星鲨制药（厦门）有限公司,规格：A2000单位48粒 ,效期：2022年07月,库存：充裕 限购 :400
￥4.8,≈4.4,布洛芬缓释胶囊,北京红林制药有限公司,规格：0.3g*20粒 ,效期：2022年05月,库存：充裕 限购 :400
￥10.8,≈9.9,单硝酸异山梨酯缓释胶囊(Ⅱ),北京红林制药有限公司,规格：40mg*20粒 ,效期：2022年05月,库存：充裕 限购 :400
￥12.5,≈11.46,阿昔洛韦缓释片,国药控股星鲨制药(厦门)有限公司,规格：0.2g*24片 ,效期：2022年02月,库存：充裕 限购 :400
￥6.6,≈6.05,珍菊降压片,雷允上药业集团有限公司（原雷允上药业有限公司）,规格：60片 ,效期：2021年11月,库存：充裕 限购 :400
￥6,≈5.5,盐酸特比萘芬喷雾剂,江苏晨牌邦德药业有限公司,规格：15ml ,效期：2022年09月,库存：充裕 限购 :400
￥7,,甲硝唑氯己定洗剂,江苏晨牌邦德药业有限公司,规格：300ml*1瓶 ,效期：2022年10月,库存：充裕 限购 :400
￥5.8,,复方氯己定含漱液,江苏晨牌邦德药业有限公司,规格：200ml*1瓶 ,效期：2022年09月,库存：已抢光 限购 :400
￥26,≈23.84,孟鲁司特钠片(顺尔宁),杭州默沙东制药有限公司,规格：10mg*5片 ,效期：2023年03月,库存：充裕 限购 :400
￥14,≈12.84,复方莪术油栓(康妇特),太阳石(唐山)药业有限公司,规格：50mg*6枚 ,效期：2022年05月,库存：充裕 限购 :400
￥0.9,≈0.83,异烟肼片,华中药业股份有限公司,规格：0.1g*100片 ,效期：2021年03月,库存：充裕 限购 :100
￥9.9,≈9.08,苍耳子鼻炎胶囊,四川森科制药有限公司（原成都森科制药有限公司）,规格：0.4g*12粒*3板 ,效期：2022年02月,库存：充裕 限购 :400
￥14,≈12.84,青鹏软膏,青海省通天河藏药制药有限责任公司,规格：50g ,效期：2023年11月,库存：充裕 限购 :400
￥11.8,≈10.82,五苓胶囊,江西品信药业有限公司,规格：0.45g*36粒 ,效期：2022年04月,库存：充裕 限购 :400
￥19.9,≈18.25,正清风痛宁缓释片,湖南正清制药集团股份有限公司,规格：60mg*12片 ,效期：2023年05月,库存：充裕 限购 :400
￥27.8,≈25.49,金乌骨通胶囊,贵州盛世龙方制药股份有限公司,规格：0.5g*60粒 ,效期：2023年08月,库存：充裕 限购 :400
￥17.5,≈16.05,精乌胶囊,贵州盛世龙方制药股份有限公司,规格：0.45g*60粒 ,效期：2023年08月,库存：紧张 限购 :400
￥2.5,≈2.29,复方氨酚烷胺胶囊,武汉东信医药科技有限责任公司,规格：10粒 ,效期：2022年08月,库存：充裕 限购 :400
￥2.5,≈2.29,小儿氨酚黄那敏颗粒,武汉东信医药科技有限责任公司,规格：10袋 ,效期：2021年11月,库存：充裕 限购 :400
￥5.7,≈5.23,木香顺气丸,贵州百灵企业集团制药股份有限公司,规格：3g*10袋 ,效期：2022年05月,库存：充裕 限购 :400
￥5.5,≈5.04,复方岩白菜素片,贵州百灵企业集团制药股份有限公司,规格：30片 ,效期：2022年03月,库存：充裕 限购 :400
￥7.2,≈6.6,益母草膏,贵州百灵企业集团制药股份有限公司,规格：125g ,效期：2021年05月,库存：紧张 限购 :400
￥1.7,≈1.56,维C银翘片,贵州百灵企业集团制药股份有限公司,规格：18片 ,效期：2022年09月,库存：充裕 限购 :400
￥53,≈48.6,维C银翘片,贵州百灵企业集团制药股份有限公司,规格：18片*40袋 ,效期：2022年06月,库存：充裕 限购 :400
￥37.5,≈34.39,维C银翘片,贵州百灵企业集团制药股份有限公司,规格：12片*40袋 ,效期：2022年02月,库存：充裕 限购 :400
￥2.1,≈1.93,牛黄解毒片,贵州百灵企业集团制药股份有限公司,规格：24片 ,效期：2022年09月,库存：充裕 限购 :400
￥32,≈29.34,牛黄解毒片,贵州百灵企业集团制药股份有限公司,规格：24片*40袋 ,效期：2022年09月,库存：充裕 限购 :400
￥2.85,≈2.61,黄连上清片（糖衣片）,贵州百灵企业集团制药股份有限公司,规格：0.3gX24片*2板 ,效期：2022年06月,库存：充裕 限购 :400
￥33.5,≈30.72,黄连上清片（糖衣片）,贵州百灵企业集团制药股份有限公司,规格：24片*40袋 ,效期：2021年03月,库存：紧张 限购 :400
￥7.5,≈6.88,消咳喘胶囊,成都永康制药有限公司,规格：0.35g*36粒 ,效期：2022年01月,库存：充裕 限购 :400
￥8.2,≈7.52,元胡止痛分散片,成都永康制药有限公司,规格：0.4g*30片 ,效期：2023年07月,库存：充裕 限购 :400
￥8.7,≈7.98,阿莫西林克拉维酸钾分散片,东药集团沈阳施德药业有限公司,规格：0.15625g*18片 ,效期：2022年02月,库存：充裕 限购 :400
￥14,≈12.84,厄贝沙坦氢氯噻嗪片,浙江华海药业股份有限公司,规格：14片 ,效期：2022年07月,库存：充裕 限购 :400
￥26,≈23.84,氯沙坦钾片,浙江华海药业股份有限公司,规格：50mg*28片 ,效期：2022年05月,库存：充裕 限购 :400
￥12.9,,氯沙坦钾片,浙江华海药业股份有限公司,规格：50mg*14片 ,效期：2022年05月,库存：充裕 限购 :400
￥17,≈15.59,小金丸,成都永康制药有限公司,规格：0.6g*8袋 ,效期：2022年06月,库存：已抢光 限购 :400
￥19.8,,元胡止痛滴丸,甘肃陇神戎发药业股份有限公司,规格：6袋*30丸 ,效期：2022年06月,库存：充裕 限购 :400
￥16.3,≈14.95,清热散结胶囊,湖南天济草堂制药股份有限公司,规格：0.33g*15粒*3板 ,效期：2022年06月,库存：充裕 限购 :400
￥18.5,≈16.96,脑得生丸,湖南天济草堂制药股份有限公司,规格：2g*10袋(浓缩丸) ,效期：2022年01月,库存：紧张 限购 :400
￥3.6,≈3.3,头孢克肟干混悬剂,广东彼迪药业有限公司,规格：50mg*6袋 ,效期：2022年03月,库存：充裕 限购 :400
￥3.6,≈3.3,头孢克洛颗粒,广东彼迪药业有限公司,规格：0.125g*6袋 ,效期：2022年02月,库存：充裕 限购 :400
￥6.2,≈5.69,妇炎康片,广东德鑫制药有限公司,规格：0.25g*100片 ,效期：2023年06月,库存：充裕 限购 :400
￥2.98,≈2.73,野木瓜片,广东和平药业有限公司,规格：0.4g*60片 ,效期：2023年01月,库存：充裕 限购 :400
￥15.8,≈14.49,硫糖铝口服混悬液(迪先),广东华南药业集团有限公司,规格：120ml:24g ,效期：2022年09月,库存：充裕 限购 :400
￥1.25,≈1.15,氧氟沙星滴耳液,武汉五景药业有限公司,规格：5ml:15mg ,效期：2022年08月,库存：充裕 限购 :400
￥1.12,≈1.03,氧氟沙星滴眼液,武汉五景药业有限公司,规格：5ml:15mg ,效期：2022年07月,库存：充裕 限购 :400
￥2.5,≈2.29,滴眼用利福平(原利福平滴眼液),武汉五景药业有限公司,规格：10ml：5mg ,效期：2022年05月,库存：充裕 限购 :400
￥4.7,≈4.31,珍珠明目滴眼液,武汉五景药业有限公司,规格：15ml ,效期：2022年01月,库存：充裕 限购 :400
￥3.9,≈3.58,珍珠明目滴眼液,武汉五景药业有限公司,规格：10ml ,效期：2022年01月,库存：充裕 限购 :400
￥3.5,≈3.21,氧氟沙星滴眼液,武汉五景药业有限公司,规格：8ml：24mg ,效期：2022年06月,库存：充裕 限购 :400
￥5.9,≈5.41,盐酸洛美沙星滴耳液,武汉五景药业有限公司,规格：5ml;15mg ,效期：2021年12月,库存：充裕 限购 :400
￥35,≈32.1,依帕司他片,华润紫竹药业有限公司（原北京润紫竹药业有限公司）,规格：50mg*12片 ,效期：2023年03月,库存：充裕 限购 :400
￥79,≈72.44,云南白药,云南白药集团股份有限公司,规格：4g*1粒*6瓶 ,效期：2024年05月,库存：充裕 限购 :50
￥15.5,≈14.21,云南白药胶囊,云南白药集团股份有限公司,规格：0.25g*16粒 ,效期：2025年04月,库存：充裕 限购 :50
￥29.9,≈27.42,云南白药胶囊,云南白药集团股份有限公司,规格：0.25g*32粒 ,效期：2023年06月,库存：充裕 限购 :50
￥36.9,≈33.84,云南白药气雾剂,云南白药集团股份有限公司,规格：85g+60g ,效期：2023年02月,库存：充裕 限购 :30
￥71,≈65.11,迈之灵片,德国礼达大药厂,规格：260mg*40片 ,效期：2022年06月,库存：充裕 限购 :400
￥25.9,≈23.75,复方谷氨酰胺肠溶胶囊,地奥集团成都药业股份有限公司,规格：24粒(谷参肠安) ,效期：2022年02月,库存：充裕 限购 :400
￥24,≈22.01,六味地黄胶囊,吉林省通化博祥药业股份有限公司,规格：0.3g*120粒(铁盒） ,效期：2023年07月,库存：充裕 限购 :400
￥8.2,≈7.52,复方珍珠暗疮片,沈阳东新药业有限公司,规格：0.3g*36片 ,效期：2023年08月,库存：充裕 限购 :400
￥4.9,,康妇软膏,吉林玉仁制药股份有限公司,规格：10g ,效期：2023年03月,库存：充裕 限购 :400
￥17.5,,阿德福韦酯片,齐鲁制药有限公司,规格：10mg*14片 ,效期：2022年04月,库存：充裕 限购 :400
￥30,≈27.51,心可舒片,山东沃华医药科技股份有限公司,规格：0.31g*24片*4板 ,效期：2023年03月,库存：充裕 限购 :400
￥6,,硝苯地平缓释片(II),烟台鲁银药业有限公司,规格：20mg*36片 ,效期：2021年11月,库存：充裕 限购 :400
￥12.5,≈11.46,咽立爽口含滴丸,贵州黄果树立爽药业有限公司,规格：0.025g*50丸 ,效期：2022年08月,库存：充裕 限购 :400
￥9.2,≈8.44,枇杷止咳颗粒,贵州神奇药业有限公司,规格：3g*9袋 ,效期：2022年10月,库存：充裕 限购 :400
￥5.2,≈4.77,琥乙红霉素片,湖北东信药业有限公司,规格：0.125g*24片 ,效期：2023年03月,库存：充裕 限购 :400
￥3.1,≈2.84,雪梨膏,湖北东信药业有限公司,规格：120g ,效期：2021年12月,库存：充裕 限购 :400
￥3,≈2.75,强力枇杷露,湖北东信药业有限公司,规格：100ml/瓶 ,效期：2022年04月,库存：充裕 限购 :400
￥3.8,≈3.48,强力枇杷露,湖北东信药业有限公司,规格：120ml ,效期：2021年12月,库存：充裕 限购 :400
￥1.7,≈1.56,对乙酰氨基酚栓(小儿退热栓),湖北东信药业有限公司,规格：0.15g*10粒 ,效期：2021年11月,库存：充裕 限购 :400
￥25.5,≈23.38,甘桔冰梅片,重庆华森制药股份有限公司,规格：0.2g*24片（糖衣片） ,效期：2022年04月,库存：充裕 限购 :400
￥17.8,≈16.32,脉血康胶囊,重庆多普泰制药股份有限公司,规格：0.25g*24粒 ,效期：2022年05月,库存：充裕 限购 :400
￥8.1,≈7.43,色甘酸钠滴眼液,湖北潜江制药股份有限公司,规格：8ml:0.16g ,效期：2023年01月,库存：充裕 限购 :400
￥2.5,≈2.29,盐酸克林霉素胶囊,宜昌人福药业有限责任公司,规格：0.15g*10粒 ,效期：2022年08月,库存：充裕 限购 :400
￥13.5,≈12.38,归芍地黄丸,北京同仁堂科技发展股份有限公司制药厂,规格：9g*10丸 ,效期：2025年05月,库存：充裕 限购 :400
￥20.8,≈19.07,京制牛黄解毒片,北京同仁堂科技发展股份有限公司制药厂,规格：0.6g*8片*10瓶 ,效期：2022年11月,库存：充裕 限购 :400
￥13,≈11.92,开胸顺气丸,北京同仁堂科技发展股份有限公司制药厂,规格：6g*10袋 ,效期：2023年10月,库存：充裕 限购 :400
￥9.9,≈9.08,六味地黄丸(大蜜丸),北京同仁堂科技发展股份有限公司制药厂,规格：9g*10丸 ,效期：2025年05月,库存：充裕 限购 :400
￥12.8,≈11.74,麦味地黄丸,北京同仁堂科技发展股份有限公司制药厂委托北京东升制药有限公司生产,规格：9g*10丸（大蜜丸） ,效期：2025年02月,库存：充裕 限购 :400
￥11.11,≈10.19,麦味地黄丸,北京同仁堂科技发展股份有限公司制药,规格：60g ,效期：2024年02月,库存：充裕 限购 :400
￥4.6,≈4.22,牛黄解毒片(薄膜衣片),北京同仁堂科技发展股份有限公司制药厂,规格：30片 ,效期：2023年03月,库存：充裕 限购 :400
￥5.5,≈5.04,牛黄解毒丸,北京同仁堂科技发展股份有限公司制药厂,规格：2g*10袋 ,效期：2022年07月,库存：充裕 限购 :400
￥14.3,,杞菊地黄丸,北京同仁堂科技发展股份有限公司制药厂委托北京同鹤药业有限公司生产,规格：9g*10丸 ,效期：2024年06月,库存：充裕 限购 :400
￥11.8,≈10.82,清眩片,北京同仁堂科技发展股份股份有限公司制药厂,规格：0.55g*40片 ,效期：2023年04月,库存：充裕 限购 :400
￥9.7,≈8.89,舒肝和胃丸,北京同仁堂科技发展股份有限公司制药厂,规格：6g*10丸 ,效期：2023年03月,库存：充裕 限购 :400
￥8.9,≈8.16,银翘解毒片,北京同仁堂科技发展股份有限公司制药厂,规格：0.55g*40片 ,效期：2023年04月,库存：充裕 限购 :400
￥11.4,≈10.45,知柏地黄丸,北京同仁堂科技发展股份有限公司制药厂委托北京同鹤药业有限公司生产,规格：9g*10丸 ,效期：2025年02月,库存：充裕 限购 :400
￥52,≈47.68,乐力钙镁锰锌铜维生素D胶囊,武汉维奥制药有限公司,规格：1g*60粒 ,效期：2022年07月,库存：充裕 限购 :400
￥21.5,≈19.72,坎地沙坦酯分散片,昆明源瑞制药有限公司,规格：4mg*16片 ,效期：2022年03月,库存：充裕 限购 :400
￥13.8,≈12.65,雷公藤多苷片,远大医药黄石飞云制药有限公司,规格：10mg*100片 ,效期：2023年05月,库存：充裕 限购 :400
￥19.9,≈18.25,坎地沙坦脂分散片,昆明源瑞制药有限公司,规格：4mg*14片 ,效期：2022年02月,库存：充裕 限购 :400
￥10.8,≈9.9,维生素C咀嚼片,东北制药集团沈阳第一制药有限公司,规格：0.2g*36片 ,效期：2021年12月,库存：充裕 限购 :400
￥6.7,≈6.14,生脉饮(党参方),湖北纽兰药业有限公司,规格：10ml*10支 ,效期：2022年07月,库存：充裕 限购 :400
￥4.7,≈4.31,雪梨膏,湖北纽兰药业有限公司,规格：120g ,效期：2022年11月,库存：充裕 限购 :400
￥5.3,≈4.86,葡萄糖酸锌口服溶液,湖北纽兰药业有限公司,规格：10ml*10支 ,效期：2022年06月,库存：充裕 限购 :400
￥5.2,≈4.77,蛇胆川贝液,湖北纽兰药业有限公司,规格：10ml*6支 ,效期：2022年03月,库存：充裕 限购 :400
￥19.5,≈17.88,十全大补膏,湖北纽兰药业有限公司,规格：400g ,效期：2023年09月,库存：充裕 限购 :400
￥7.2,≈6.6,叶酸片,辽宁格林生物药业集团股份有限公司,规格：0.4mg*31片 ,效期：2023年05月,库存：充裕 限购 :400
￥36.8,≈33.75,叶酸片,辽宁格林生物药业集团股份有限公司,规格：0.4mg*180片 ,效期：2023年04月,库存：充裕 限购 :400
￥9.5,≈8.71,复方罗汉果清肺糖浆,桂林三金药业股份有限公司,规格：150ml ,效期：2022年04月,库存：充裕 限购 :400
￥10.8,≈9.9,复方罗汉果清肺颗粒,桂林三金药业股份有限公司,规格：14g*10袋 ,效期：2022年03月,库存：紧张 限购 :400
￥11.8,≈10.82,交沙霉素片,桂林南药股份有限公司,规格：0.2g*12片 ,效期：2023年02月,库存：充裕 限购 :400
￥2.1,≈1.93,维生素E软胶囊,桂林南药股份有限公司,规格：0.1g*30粒 ,效期：2022年01月,库存：充裕 限购 :400
￥1.3,≈1.19,罗红霉素片,桂林南药股份有限公司,规格：0.15g*6片 ,效期：2023年02月,库存：充裕 限购 :400
￥3.1,≈2.84,天麻片,广西十万山制药有限公司,规格：100片 ,效期：2022年05月,库存：充裕 限购 :400
￥3,≈2.75,陈香露白露片,广西十万山制药有限公司（原广西恒拓集团仁盛制药有限公司）,规格：0.3g*100片 ,效期：2021年12月,库存：充裕 限购 :400
￥5.5,≈5.04,千柏鼻炎片,广西十万山制药有限公司（原广西恒拓集团仁盛制药有限公司）,规格：100片 ,效期：2022年02月,库存：充裕 限购 :400
￥4.9,≈4.49,西青果颗粒,广西壮族自治区药物研究所有限公司（原广西清川仁源药业有限公司）,规格：15g*10袋 ,效期：2022年04月,库存：充裕 限购 :400
￥5.1,≈4.68,夏桑菊颗粒,恒拓集团南宁仁盛制药有限公司,规格：10g*20袋 ,效期：2022年06月,库存：充裕 限购 :400
￥6.5,≈5.96,阿达帕林凝胶,四川明欣药业有限责任公司,规格：10g/支（15g：15mg） ,效期：2022年09月,库存：充裕 限购 :400
￥6.1,≈5.59,贝诺酯片(扑炎痛片),重庆迪康长江制药有限公司,规格：0.5g*100片 ,效期：2023年04月,库存：充裕 限购 :400
￥14.5,,缬沙坦胶囊,乐普恒久远药业有限公司,规格：80mg*21粒 ,效期：2022年01月,库存：充裕 限购 :400
￥17.8,,活血通脉胶囊,乐普恒久远药业有限公司,规格：0.25g*36粒 ,效期：2022年06月,库存：充裕 限购 :400
￥7.8,,苯磺酸氨氯地平片,乐普药业(北京)有限责任公司,规格：5mg*28片 ,效期：2021年11月,库存：充裕 限购 :400
￥27.5,,硫酸氢氯吡格雷片,乐普药业股份有限公司,规格：25mg*21片 ,效期：2022年02月,库存：充裕 限购 :400
￥29.9,,硫酸氢氯吡格雷片,乐普药业股份有限公司,规格：75mg*10s ,效期：2022年01月,库存：充裕 限购 :400
￥18.9,,阿托伐他汀钙片,乐普制药科技有限公司（原浙江乐普药业股份有限公司）,规格：10mg*14片 ,效期：2022年06月,库存：充裕 限购 :400
￥18.9,,阿托伐他汀钙片,乐普制药科技有限公司（原浙江乐普药业股份有限公司）,规格：20mg*7片 ,效期：2022年07月,库存：充裕 限购 :400
￥1.95,,盐酸氨溴索片,山东裕欣药业有限公司(原山东罗欣药业集团股份有限公司,规格：30mg*20片 ,效期：2021年11月,库存：充裕 限购 :400
￥1.3,≈1.19,阿奇霉素颗粒,山东罗欣药业集团股份有限公司,规格：0.1g*4袋(罗欣快宇) ,效期：2022年03月,库存：充裕 限购 :400
￥6.6,≈6.05,兰索拉唑肠溶片,山东罗欣药业集团股份有限公司,规格：15mg*14片 ,效期：2022年05月,库存：充裕 限购 :400
￥5.7,,泮托拉唑钠肠溶片,山东罗欣药业集团股份有限公司,规格：40mg*7片 ,效期：2022年04月,库存：充裕 限购 :400
￥1.65,≈1.51,辛伐他汀片,山东罗欣药业集团股份有限公司,规格：10mg*10片 ,效期：2021年12月,库存：充裕 限购 :400
￥5.2,,头孢拉定胶囊,山东罗欣药业集团股份有限公司,规格：0.5g*12粒 ,效期：2022年01月,库存：充裕 限购 :400
￥4.2,≈3.85,富马酸亚铁颗粒,国药集团武汉中联四药药业有限公司,规格：0.2g*15袋 ,效期：2022年08月,库存：充裕 限购 :400
￥5.3,≈4.86,六味地黄丸,河南省济源市济世药业有限公司,规格：240丸（浓缩丸） ,效期：2025年04月,库存：充裕 限购 :400
￥5.3,≈4.86,香砂养胃丸,河南省济源市济世药业有限公司,规格：240丸（浓缩丸） ,效期：2025年06月,库存：充裕 限购 :400
￥5.3,≈4.86,健脾丸,河南省济源市济世药业有限公司,规格：240丸（浓缩丸） ,效期：2025年03月,库存：紧张 限购 :400
￥5.3,≈4.86,杞菊地黄丸,河南省济源市济世药业有限公司,规格：240丸（浓缩丸） ,效期：2025年03月,库存：充裕 限购 :400
￥5.3,≈4.86,补中益气丸,河南省济源市济世药业有限公司,规格：240丸（浓缩丸） ,效期：2024年06月,库存：充裕 限购 :400
￥5.7,≈5.23,附子理中丸,河南省济源市济世药业有限公司,规格：240丸（浓缩丸） ,效期：2025年03月,库存：充裕 限购 :400
￥5.3,≈4.86,桂附地黄丸,河南省济源市济世药业有限公司,规格：240丸（浓缩丸） ,效期：2024年03月,库存：充裕 限购 :400
￥5.3,≈4.86,保和丸,河南省济源市济世药业有限公司,规格：240丸（浓缩丸） ,效期：2025年03月,库存：充裕 限购 :400
￥5.3,≈4.86,知柏地黄丸,河南省济源市济世药业有限公司,规格：240丸（浓缩丸） ,效期：2025年04月,库存：充裕 限购 :400
￥5.3,≈4.86,明目地黄丸,河南省济源市济世药业有限公司,规格：240丸（浓缩丸） ,效期：2024年07月,库存：充裕 限购 :400
￥5.3,≈4.86,逍遥丸,河南省济源市济世药业有限公司,规格：240丸（浓缩丸） ,效期：2025年04月,库存：充裕 限购 :400
￥36,,复方血栓通胶囊,广东众生药业股份有限公司,规格：0.5g*60粒 ,效期：2022年12月,库存：充裕 限购 :400
￥6.5,≈5.96,独一味软胶囊,康县独一味生物制药有限公司,规格：0.58g*24粒/盒 ,效期：2022年04月,库存：充裕 限购 :400
￥15.1,,双黄连口服液,哈药集团三精制药有限公司,规格：10ml*10支 ,效期：2022年02月,库存：充裕 限购 :400
￥17.4,,拉西地平片,哈药集团三精明水药业有限公司,规格：4mg*15片 ,效期：2022年04月,库存：充裕 限购 :400
￥8.9,≈8.16,知柏地黄丸,九芝堂股份有限公司,规格：200丸（浓缩丸） ,效期：2023年03月,库存：紧张 限购 :400
￥8.6,≈7.89,逍遥丸(浓缩丸),九芝堂股份有限公司,规格：200丸 ,效期：2023年07月,库存：充裕 限购 :400
￥8.6,≈7.89,香砂养胃丸(浓缩丸),九芝堂股份有限公司,规格：200丸 ,效期：2023年06月,库存：充裕 限购 :400
￥8.6,≈7.89,十全大补丸,九芝堂股份有限公司,规格：200丸(浓缩丸) ,效期：2023年06月,库存：紧张 限购 :400
￥8.6,≈7.89,润肠丸,九芝堂股份有限公司,规格：200丸(浓缩丸) ,效期：2023年04月,库存：紧张 限购 :400
￥8.6,≈7.89,杞菊地黄丸(浓缩丸),九芝堂股份有限公司,规格：200丸 ,效期：2023年06月,库存：充裕 限购 :400
￥9.1,≈8.34,金锁固精丸（浓缩丸）,九芝堂股份有限公司,规格：200丸 ,效期：2023年06月,库存：充裕 限购 :400
￥9.1,≈8.34,桂附地黄丸(浓缩丸),九芝堂股份有限公司,规格：200丸 ,效期：2023年01月,库存：紧张 限购 :400
￥9.1,≈8.34,归脾丸(浓缩丸),九芝堂股份有限公司,规格：200丸 ,效期：2023年06月,库存：紧张 限购 :400
￥9.1,≈8.34,补中益气丸(浓缩丸),九芝堂股份有限公司,规格：200丸 ,效期：2023年05月,库存：充裕 限购 :400
￥9,≈8.25,小金丸,成都九芝堂金鼎药业有限公司,规格：0.6g*4瓶 ,效期：2023年02月,库存：充裕 限购 :400
￥19,≈17.42,甲钴胺分散片,卓和药业集团有限公司委托江苏四环生物制药有限公司生产,规格：0.5mg*30片 ,效期：2021年09月,库存：充裕 限购 :400
￥14.9,≈13.66,增抗宁胶囊,成都迪康药业股份有限公司,规格：0.44g*36粒 ,效期：2023年02月,库存：充裕 限购 :400
￥7.5,≈6.88,利肝隆颗粒,江西川奇药业有限公司,规格：10g*12袋 ,效期：2022年06月,库存：充裕 限购 :400
￥3.9,≈3.58,风油精,江西药键实业有限公司,规格：12ml ,效期：2022年08月,库存：紧张 限购 :100
￥8.5,,硝酸益康唑喷雾剂,广东同德药业有限公司,规格：30g ,效期：2023年04月,库存：充裕 限购 :400
￥14.5,,双氯芬酸钠气雾剂,广东同德药业有限公司,规格：60g ,效期：2023年06月,库存：充裕 限购 :400
￥5.9,≈5.41,骨增生镇痛膏,广东同德药业有限公司,规格：7cm*10cm*10片 ,效期：2023年04月,库存：充裕 限购 :400
￥5.5,≈5.04,清咽片,天津同仁堂集团股份有限公司,规格：0.25g*20片*2板 ,效期：2022年10月,库存：充裕 限购 :400
￥19,≈17.42,达立通颗粒,南昌弘益药业有限公司,规格：6g*6袋 ,效期：2022年05月,库存：充裕 限购 :400
￥13.8,≈12.65,小儿肠胃康颗粒,温州海鹤药业有限公司,规格：5g*10袋 ,效期：2023年05月,库存：充裕 限购 :400
￥42.9,≈39.34,贝诺酯片(扑炎痛片),重庆迪康长江制药有限公司,规格：0.5g*12片*50板 ,效期：2023年05月,库存：充裕 限购 :400
￥9.5,≈8.71,维A酸乳膏,重庆华邦制药有限公司,规格：15g（0.025%） ,效期：2022年07月,库存：充裕 限购 :400
￥18.4,≈16.87,萘替芬酮康唑乳膏,重庆华邦制药有限公司,规格：10g ,效期：2022年07月,库存：充裕 限购 :400
￥14.6,≈13.39,阿托伐他汀钙片,北京福元医药股份有限公司,规格：20mg*7片 ,效期：2022年03月,库存：充裕 限购 :400
￥8.8,≈8.07,阿托伐他汀钙片,北京福元医药股份有限公司,规格：10mg*7片 ,效期：2022年04月,库存：充裕 限购 :400
￥13.8,≈12.65,苯磺酸氨氯地平片,北京福元医药股份有限公司（北京万生药业有限责任公司）,规格：5mg*28片 ,效期：2022年06月,库存：充裕 限购 :400
￥27.8,≈25.49,云南白药创可贴(便携型),云南白药集团无锡药业有限公司委托江苏南方卫材医药股份有限公司生产,规格：6片*18袋 ,效期：2022年10月,库存：充裕 限购 :64
￥6,≈5.5,滴通鼻炎水,成都迪康药业股份有限公司（成都迪康药业有限公司）,规格：8ml ,效期：2021年12月,库存：充裕 限购 :400
￥88,≈80.7,复方斑蝥胶囊,贵州益佰制药股份有限公司,规格：0.25g*60粒 ,效期：2022年06月,库存：充裕 限购 :400
￥9.9,≈9.08,辛伐他汀片,北京福元医药股份有限公司（北京万生药业有限责任公司）,规格：20mg*20片 ,效期：2022年03月,库存：充裕 限购 :400
￥9.5,≈8.71,格列齐特缓释片,北京福元医药股份有限公司（北京万生药业有限责任公司）,规格：30mg*30片 ,效期：2022年05月,库存：充裕 限购 :400
￥12.2,≈11.19,盐酸曲美他嗪片(泽维尔),北京福元医药股份有限公司（原北京万生药业有限责任公司）,规格：20mg*30片 ,效期：2022年04月,库存：紧张 限购 :400
￥15.9,≈14.58,杜蕾斯 大胆爱吧,青岛伦敦杜蕾斯有限公司,规格：10只 ,效期：2025年06月,库存：充裕 限购 :400
￥2.08,≈1.91,辛伐他汀片,山东鲁抗医药集团赛特有限责任公司,规格：10mg*14片 ,效期：2022年09月,库存：充裕 限购 :400
￥2.34,≈2.15,辛伐他汀片,山东鲁抗医药集团赛特有限责任公司,规格：20mg*10片 ,效期：2022年05月,库存：充裕 限购 :400
￥7.2,≈6.6,单硝酸异山梨酯缓释片,山东鲁抗医药集团赛特有限责任公司,规格：40mg*20片 ,效期：2022年08月,库存：充裕 限购 :400
￥5.8,≈5.32,格列齐特片(II),山东鲁抗医药集团赛特有限责任公司,规格：80mg*60片 ,效期：2022年09月,库存：充裕 限购 :400
￥2.6,≈2.38,格列吡嗪片,山东鲁抗医药集团赛特有限责任公司,规格：5mg*15片*2板 ,效期：2022年07月,库存：充裕 限购 :400
￥4.3,≈3.94,硝苯地平缓释片（I）,山东鲁抗医药集团赛特有限责任公司,规格：10mg*30片 ,效期：2022年07月,库存：充裕 限购 :400
￥4.99,≈4.58,甲钴胺胶囊,山东鲁抗医药集团赛特有限责任公司,规格：0.5mg*24粒 ,效期：2022年08月,库存：充裕 限购 :400
￥1.7,≈1.56,阿奇霉素片,山东鲁抗医药集团赛特有限责任公司,规格：0.25g*6片 ,效期：2022年03月,库存：充裕 限购 :400
￥1.3,≈1.19,诺氟沙星胶囊,山东鲁抗医药集团赛特有限责任公司,规格：0.1g*20粒 ,效期：2022年08月,库存：充裕 限购 :400
￥3.15,≈2.89,氨茶碱片,山东鲁抗医药集团赛特有限责任公司,规格：0.1g*100片 ,效期：2022年03月,库存：充裕 限购 :400
￥2.7,≈2.48,盐酸林可霉素注射液,山东鲁抗医药集团赛特有限责任公司,规格：2ml：0.6g*10支 ,效期：2022年09月,库存：充裕 限购 :400
￥30.5,≈27.97,芪参益气滴丸,天士力医药集团股份有限公司（原天士力制药集团股份有限公司）,规格：0.5g*15袋 ,效期：2023年05月,库存：充裕 限购 :400
￥27,≈24.76,养血清脑颗粒,天士力医药集团股份有限公司（原天士力制药集团股份有限公司）,规格：4g*15袋 ,效期：2023年07月,库存：充裕 限购 :400
￥38,≈34.85,水飞蓟宾胶囊,天津天士力圣特制药有限公司,规格：35mg*30粒 ,效期：2022年02月,库存：充裕 限购 :400
￥1.3,,奥美拉唑肠溶胶囊,成都天台山制药有限公司,规格：20mg*14粒/瓶 ,效期：2022年03月,库存：充裕 限购 :400
￥44,≈40.35,乙酰螺旋霉素片,成都天台山制药有限公司,规格：0.1g*12片*50板 ,效期：2021年09月,库存：紧张 限购 :400
￥22,≈20.17,甘露聚糖肽口服溶液,国药集团川抗制药有限公司,规格：10ml：10mg*9支 ,效期：2021年11月,库存：充裕 限购 :400
￥4.9,≈4.49,小柴胡颗粒,四川子仁制药有限公司,规格：10g*9袋 ,效期：2022年01月,库存：紧张 限购 :400
￥22,≈20.17,舒适达劲速护理牙膏(薄荷香型),葛兰素史克日用保健品(中国)有限公司委托苏州克劳丽化妆品有限公司,规格：120g ,效期：2022年05月,库存：充裕 限购 :400
￥22,≈20.17,舒适达多效护理牙膏（薄荷香型）,葛兰素史克日用保健品(中国)有限公司委托苏州克劳丽化妆品有限公司,规格：120g ,效期：2023年08月,库存：充裕 限购 :400
￥24,≈22.01,保丽净假牙清洁片,爱尔兰（原美国）,规格：30片（局部假牙专用） ,效期：2023年03月,库存：已抢光 限购 :400
￥9.9,≈9.08,痔疾洗液,贵州拜特制药有限公司,规格：125ml ,效期：2022年06月,库存：充裕 限购 :400
￥8,≈7.34,碳酸钙片,珠海同源药业有限公司,规格：0.3g*60片 ,效期：2022年02月,库存：充裕 限购 :400
￥8.9,,聚甲酚磺醛阴道栓,黑龙江天龙药业有限公司,规格：90mg*8粒 ,效期：2023年05月,库存：充裕 限购 :400
￥8.9,≈8.16,复方樟脑乳膏,黑龙江天龙药业有限公司,规格：30g ,效期：2022年07月,库存：充裕 限购 :400
￥5.9,,乌洛托品溶液,黑龙江天龙药业有限公司,规格：20ml（39.5%） ,效期：2022年04月,库存：充裕 限购 :400
￥9.9,≈9.08,夜宁颗粒,福寿堂制药有限公司,规格：20g*9袋 ,效期：2022年08月,库存：充裕 限购 :400
￥5.5,,甲硝唑氯己定洗剂,黑龙江天龙药业有限公司,规格：200ml ,效期：2022年06月,库存：充裕 限购 :400
￥3.6,≈3.3,复方小儿退热栓,黑龙江天龙药业有限公司,规格：0.7g*6粒 ,效期：2021年08月,库存：紧张 限购 :400
￥5.5,,妇科白带胶囊,湖南德康制药股份有限公司,规格：0.25g*12粒*2板 ,效期：2021年12月,库存：充裕 限购 :400
￥6.99,≈6.41,麻仁润肠丸,河南华峰制药有限公司,规格：3.2g*8袋 ,效期：2022年03月,库存：充裕 限购 :400
￥9.7,,癣药膏,黑龙江天龙药业有限公司,规格：15g/瓶 ,效期：2022年03月,库存：充裕 限购 :400
￥5.1,≈4.68,连翘败毒丸,承德天原药业有限公司（原承德天原药业股份有限公司）,规格：9g*4袋 ,效期：2023年04月,库存：充裕 限购 :400
￥8.2,≈7.52,麝香祛痛搽剂,黑龙江天龙药业有限公司,规格：56ml ,效期：2022年08月,库存：充裕 限购 :400
￥6.5,≈5.96,克林霉素磷酸酯凝胶,黑龙江天辰药业有限公司,规格：20克 ,效期：2022年08月,库存：充裕 限购 :400
￥4.5,≈4.13,乌洛托品溶液,浙江景岳堂药业有限公司,规格：20ml(39.5%) ,效期：2022年12月,库存：充裕 限购 :400
￥2.9,,珍珠明目滴眼液,苏州工业园区天龙制药有限公司,规格：10ml ,效期：2022年08月,库存：充裕 限购 :400
￥9.8,≈8.99,甲硝唑氯己定洗剂,黑龙江天龙药业有限公司,规格：50ml*6瓶 ,效期：2022年06月,库存：充裕 限购 :400
￥5.2,≈4.77,盐酸丙卡特罗片,青岛国大药业有限公司,规格：25ug*10片*2板 ,效期：2022年04月,库存：充裕 限购 :400
￥8.2,≈7.52,复方酮康唑发用洗剂,黑龙江天龙药业有限公司,规格：50ml ,效期：2022年04月,库存：充裕 限购 :400
￥3.1,≈2.84,小儿麦枣咀嚼片,陕西紫光辰济药业有限公司,规格：0.45g*30片 ,效期：2021年10月,库存：充裕 限购 :400
￥16.9,≈15.5,茵栀黄口服液,北京华润高科天然药物有限公司,规格：10ml*6支 ,效期：2022年08月,库存：充裕 限购 :400
￥20.55,≈18.84,强力定眩片,陕西汉王药业股份有限公司（原陕西汉王药业有限公司）,规格：0.35g*48片 ,效期：2023年05月,库存：充裕 限购 :400
￥19,≈17.42,氟芬那酸丁酯软膏,上海同联制药有限公司,规格：10g：0.5g ,效期：2022年04月,库存：紧张 限购 :400
￥9.9,≈9.08,盐酸莫西沙星片,四川国为制药有限公司,规格：0.4g*3片 ,效期：2021年11月,库存：充裕 限购 :400
￥2.45,≈2.25,复方陈香胃片,四川好医生攀西药业有限责任公司委托好医生药业集团有限公司,规格：0.28g*60片/小袋(钢锅装)(不撤零) ,效期：2022年08月,库存：紧张 限购 :400
￥32,,尼麦角林片,山东齐都药业有限公司,规格：10mg*30片 ,效期：2022年06月,库存：充裕 限购 :400
￥8.6,≈7.89,痔疮栓,荣昌制药（淄博）有限公司委托烟台荣昌制药股份有限公司,规格：2g*5粒 ,效期：2021年11月,库存：充裕 限购 :400
￥6.5,≈5.96,头孢拉定胶囊,山东新华制药股份有限公司,规格：0.5g*12粒 ,效期：2022年04月,库存：充裕 限购 :400
￥18.5,≈16.96,雷贝拉唑钠肠溶片,山东新华制药股份有限公司委托新华制药（高密）有限公司,规格：10mg*12片 ,效期：2022年04月,库存：充裕 限购 :400
￥4.3,≈3.94,四季感冒胶囊,山东明仁福瑞达制药股份有限公司,规格：0.41g*24粒 ,效期：2023年03月,库存：紧张 限购 :400
￥1.1,≈1.01,风油精,上海旭东海普南通药业有限公司,规格：3ml ,效期：2023年03月,库存：充裕 限购 :400
￥3.85,≈3.53,蒙脱石散,山东颐和制药有限公司,规格：3g*10袋 ,效期：2023年10月,库存：紧张 限购 :400
￥2.5,≈2.29,鲜竹沥,四川天德制药有限公司,规格：30ml*8支 ,效期：2021年10月,库存：充裕 限购 :400
￥11,≈10.09,复方氨酚那敏颗粒,四川天德制药有限公司,规格：100袋 ,效期：2022年09月,库存：充裕 限购 :400
￥3.3,≈3.03,琥乙红霉素颗粒,四川天德制药有限公司,规格：0.1g*10袋 ,效期：2022年12月,库存：已抢光 限购 :400
￥25.5,≈23.38,米格列醇片,四川维奥制药有限公司,规格：50mg*20片 ,效期：2022年04月,库存：充裕 限购 :400
￥23.3,≈21.37,盐酸氨基葡萄糖片（步迈新）,四川新斯顿制药股份有限公司,规格：0.24g*28片 ,效期：2022年07月,库存：充裕 限购 :400
￥7.5,≈6.88,赖氨肌醇维B12口服溶液,徐州市第五制药厂有限公司,规格：100ml ,效期：2021年12月,库存：紧张 限购 :400
￥11,≈10.09,妇炎消胶囊,贵州益佰女子大药厂有限责任公司,规格：0.45g*24粒 ,效期：2022年02月,库存：充裕 限购 :400
￥19.9,≈18.25,心脉通胶囊,贵州益佰制药股份有限公司,规格：0.48g*36s ,效期：2022年07月,库存：充裕 限购 :400
￥32,≈29.34,金骨莲胶囊,贵州益佰制药股份有限公司,规格：0.25g*24粒 ,效期：2022年06月,库存：充裕 限购 :400
￥5.5,,小儿止咳糖浆,贵州益佰制药股份有限公司,规格：90ml(克咳糖浆) ,效期：2022年02月,库存：充裕 限购 :400
￥15.5,≈14.21,葆宫止血颗粒,天津中盛海天制药有限公司,规格：15g*6袋 ,效期：2022年06月,库存：充裕 限购 :400
￥4.1,≈3.76,附子理中丸,芜湖张恒春药业有限公司,规格：200粒（浓缩丸） ,效期：2023年07月,库存：充裕 限购 :400
￥4.1,≈3.76,香砂六君丸,芜湖张恒春药业有限公司,规格：200粒(浓缩丸) ,效期：2023年08月,库存：充裕 限购 :400
￥3.6,≈3.3,天王补心丸,芜湖张恒春药业有限公司,规格：36g(水蜜丸) ,效期：2023年07月,库存：充裕 限购 :400
￥3.6,≈3.3,柏子养心丸,芜湖张恒春药业有限公司,规格：36g（水蜜丸） ,效期：2023年07月,库存：充裕 限购 :400
￥4.1,≈3.76,知柏地黄丸,芜湖张恒春药业有限公司,规格：200丸(浓缩丸) ,效期：2023年07月,库存：充裕 限购 :400
￥4.1,≈3.76,杞菊地黄丸(张恒春),芜湖张恒春药业有限公司,规格：200丸(浓缩丸) ,效期：2023年08月,库存：充裕 限购 :400
￥4.9,≈4.49,六味地黄丸（浓缩丸）,芜湖张恒春药业有限公司,规格：200丸 ,效期：2023年08月,库存：充裕 限购 :400
￥3.6,≈3.3,归脾丸,芜湖张恒春药业有限公司,规格：36g(水蜜丸) ,效期：2023年06月,库存：充裕 限购 :400
￥4.1,≈3.76,桂附地黄丸,芜湖张恒春药业有限公司,规格：200粒(浓缩丸) ,效期：2023年08月,库存：充裕 限购 :400
￥5.2,≈4.77,明目地黄丸,芜湖张恒春药业有限公司,规格：200粒（浓缩丸） ,效期：2023年07月,库存：充裕 限购 :400
￥4.1,≈3.76,补中益气丸,芜湖张恒春药业有限公司,规格：200粒(浓缩丸) ,效期：2023年07月,库存：充裕 限购 :400
￥4.5,≈4.13,逍遥丸,芜湖张恒春药业有限公司,规格：200粒(浓缩丸) ,效期：2023年05月,库存：充裕 限购 :400
￥3.6,≈3.3,十全大补丸,芜湖张恒春药业有限公司,规格：36g(水蜜丸)(张恒春) ,效期：2023年06月,库存：充裕 限购 :400
￥4.4,≈4.03,香砂养胃丸,芜湖张恒春药业有限公司,规格：200丸 ,效期：2023年07月,库存：充裕 限购 :400
￥4.1,≈3.76,保和丸,芜湖张恒春药业有限公司,规格：200丸(浓缩丸) ,效期：2023年09月,库存：充裕 限购 :400
￥42.8,≈39.25,来氟米特片,福建汇天生物药业有限公司,规格：10mg*20片 ,效期：2022年07月,库存：充裕 限购 :400
￥81.8,≈75.01,来氟米特片,福建汇天生物药业有限公司,规格：10mg*40片 ,效期：2022年05月,库存：充裕 限购 :400
￥8.8,≈8.07,金菊五花茶颗粒,广东嘉应制药股份有限公司,规格：10g*20小袋 ,效期：2023年05月,库存：充裕 限购 :400
￥4,,咳特灵胶囊,广东罗浮山国药股份有限公司,规格：30粒 ,效期：2022年09月,库存：充裕 限购 :100
￥13.5,≈12.38,瑞巴派特片,浙江远力健药业有限责任公司,规格：0.1g*12片 ,效期：2022年05月,库存：充裕 限购 :400
￥24,≈22.01,瑞巴派特片（远力健）,浙江远力健药业有限责任公司,规格：0.1g*24片 ,效期：2022年06月,库存：充裕 限购 :400
￥6,≈5.5,小儿七星茶颗粒,中山市恒生药业有限公司,规格：7g*10袋 ,效期：2022年05月,库存：充裕 限购 :400
￥1.45,≈1.33,清凉喉片,中山市恒生药业有限公司,规格：16片(不撤零)(20瓶/盒) ,效期：2022年05月,库存：充裕 限购 :400
￥1.28,≈1.17,消炎止咳片,中山市恒生药业有限公司,规格：0.3g*24片 ,效期：2022年03月,库存：充裕 限购 :400
￥5,≈4.59,消炎利胆片,广东恒诚制药股份有限公司,规格：100片 ,效期：2022年03月,库存：充裕 限购 :400
￥5.7,≈5.23,感冒止咳颗粒,广东恒诚制药股份有限公司,规格：10g*10袋 ,效期：2022年02月,库存：充裕 限购 :400
￥3,≈2.75,复方鱼腥草片,广东恒诚制药股份有限公司（原广东恒诚制药有限公司）,规格：0.393g*100片(薄膜衣) ,效期：2022年08月,库存：充裕 限购 :400
￥5,≈4.59,感冒清热颗粒,广东恒诚制药股份有限公司（原广东恒诚制药有限公司）,规格：12g*10袋 ,效期：2022年03月,库存：充裕 限购 :400
￥7.6,≈6.97,感冒清热颗粒,广东恒诚制药股份有限公司（原广东恒诚制药有限公司）,规格：12g*20袋 ,效期：2022年07月,库存：充裕 限购 :400
￥6.1,≈5.59,风寒感冒颗粒,广东恒诚制药股份有限公司（原广东恒诚制药有限公司）,规格：8g*10袋 ,效期：2022年08月,库存：充裕 限购 :400
￥8.8,≈8.07,口服补液盐散（Ⅲ）,通辽市华邦药业有限公司,规格：6袋 ,效期：2021年03月,库存：充裕 限购 :400
￥19.8,≈18.16,复方牛磺酸滴眼液（小乐敦）,曼秀雷敦（中国）药业有限公司,规格：13ml ,效期：2023年04月,库存：充裕 限购 :400
￥19.8,≈18.16,复方门冬维甘滴眼液(新乐敦),曼秀雷敦(中国)药业有限公司,规格：13ml ,效期：2023年06月,库存：充裕 限购 :400
￥12.5,≈11.46,六神丸,雷允上药业集团有限公司（原雷允上药业有限公司）,规格：10粒*6支 ,效期：2024年10月,库存：充裕 限购 :400
￥8.8,≈8.07,心宝丸,广东心宝药业科技有限公司,规格：60mg*20丸 ,效期：2023年04月,库存：充裕 限购 :400
￥4.5,≈4.13,痛风舒片,陕西盘龙药业集团股份有限公司,规格：0.33g*30片 ,效期：2022年07月,库存：充裕 限购 :400
￥5.2,≈4.77,天麻头痛片,牡丹江灵泰药业股份有限公司,规格：36片 ,效期：2023年03月,库存：充裕 限购 :400
￥6.8,≈6.24,固本咳喘片,台州南峰药业有限公司,规格：0.4g*45片 ,效期：2023年03月,库存：充裕 限购 :400
￥6.2,≈5.69,罗汉果止咳胶囊,河南华峰制药有限公司,规格：0.35g*36粒 ,效期：2022年02月,库存：充裕 限购 :400
￥5.7,≈5.23,小儿止咳糖浆,江西海尔思药业股份有限公司,规格：10ml*10支 ,效期：2022年03月,库存：充裕 限购 :400
￥14.9,≈13.66,复方夏天无片,江西天施康中药股份有限公司,规格：0.3g*36片(糖衣片) ,效期：2023年03月,库存：充裕 限购 :400
￥5.3,≈4.86,更年安片,江西南昌桑海制药有限责任公司(原江西南昌桑海制药厂),规格：0.31g*60片(薄膜衣片） ,效期：2022年03月,库存：充裕 限购 :400
￥29.9,≈27.42,尪痹片,辽宁上药好护士药业(集团)有限公司,规格：12片*4板 ,效期：2023年04月,库存：充裕 限购 :400
￥15.5,≈14.21,乳癖消片,辽宁上药好护士药业(集团)有限公司,规格：0.67g*36片（薄膜衣） ,效期：2023年03月,库存：充裕 限购 :400
￥6.3,≈5.78,铝碳酸镁咀嚼片,四川健能制药有限公司,规格：0.5g*36片 ,效期：2023年08月,库存：充裕 限购 :400
￥4.1,≈3.76,大败毒胶囊,山西德元堂药业有限公司,规格：0.5g*20粒 ,效期：2022年04月,库存：充裕 限购 :400
￥32.5,≈29.8,肾衰宁颗粒,山西德元堂药业有限公司委托同药集团大同制药有限公司,规格：5g*9袋 ,效期：2022年04月,库存：充裕 限购 :400
￥6.9,≈6.33,舒秘胶囊,山西德元堂药业有限公司,规格：0.3g*10粒 ,效期：2022年11月,库存：充裕 限购 :400
￥11,,六神丸(人工麝香),上海雷允上药业有限公司,规格：10粒*6支 ,效期：2025年02月,库存：充裕 限购 :400
￥13.3,≈12.2,缬沙坦氢氯噻嗪片,陕西白鹿制药股份有限公司,规格：7片 ,效期：2022年04月,库存：充裕 限购 :400
￥5.1,≈4.68,活血止痛胶囊,南京中山制药有限公司,规格：0.25g*30粒 ,效期：2022年05月,库存：充裕 限购 :400
￥25,≈22.93,塞来昔布胶囊,江苏恒瑞医药股份有限公司,规格：0.2g*10粒 ,效期：2022年05月,库存：充裕 限购 :400
￥5.5,≈5.04,胃痛宁片,陕西华西制药股份有限公司,规格：0.26g*24片（薄膜衣片） ,效期：2022年05月,库存：充裕 限购 :400
￥16,≈14.67,肿痛舒喷雾剂,贵州维康子帆药业股份有限公司,规格：30ml ,效期：2022年04月,库存：充裕 限购 :400
￥13.9,≈12.75,婷之伴维生素C维生素E软件囊,仙乐健康科技股份有限公司,规格：3.2g（400mg*8s） ,效期：2022年07月,库存：充裕 限购 :400
￥14.5,≈13.3,小儿清肺化痰颗粒,神威药业集团有限公司,规格：6g*10袋 ,效期：2022年12月,库存：充裕 限购 :400
￥15.3,≈14.03,肠炎宁片,江西康恩贝中药有限公司（原江西天施康弋阳制药有限公司）,规格：0.42g*24片 ,效期：2022年04月,库存：充裕 限购 :400
￥29.9,≈27.42,阿胶补血口服液,江西省芙蓉堂药业股份有限公司,规格：20ml*12支 ,效期：2022年08月,库存：充裕 限购 :400
￥19.5,≈17.88,复方血栓通胶囊,广东众生药业股份有限公司,规格：0.5g*30粒 ,效期：2022年12月,库存：充裕 限购 :400
￥22.6,≈20.72,杜蕾斯 活力装,青岛伦敦杜蕾斯有限公司,规格：12只 ,效期：2025年07月,库存：充裕 限购 :400
￥5.9,≈5.41,杜蕾斯 大胆爱吧,青岛伦敦杜蕾斯有限公司,规格：3只 ,效期：2025年07月,库存：充裕 限购 :400
￥25.2,≈23.11,杜蕾斯 人体润滑液（爽滑快感）,Reckitt Benckiser Healthcare (UK) Limited(青岛伦敦杜蕾斯有限公司),规格：50ml  ,效期：2023年06月,库存：充裕 限购 :400
￥11.8,≈10.82,伤湿祛痛膏,重庆灵方三帆生物制药有限公司,规格：4片/袋*2袋/盒 ,效期：2022年04月,库存：充裕 限购 :400
￥11.8,≈10.82,脚臭净喷剂,重庆灵方生物技术有限公司,规格：30ml ,效期：2023年04月,库存：充裕 限购 :400
￥7.9,≈7.24,灵方皮舒克消毒凝胶,重庆灵方生物技术有限公司,规格：10g ,效期：2022年05月,库存：充裕 限购 :400
￥11.8,≈10.82,消炎镇痛膏,重庆灵方三帆生物制药有限公司,规格：4片/袋*2袋/盒 ,效期：2023年04月,库存：充裕 限购 :400
￥9.9,≈9.08,灵方消毒液,重庆灵方生物技术有限公司,规格：100ml ,效期：2022年02月,库存：充裕 限购 :400
￥38.5,≈35.3,杜蕾斯 超薄装,青岛伦敦杜蕾斯有限公司,规格：12只 ,效期：2025年06月,库存：充裕 限购 :400
￥16.8,≈15.41,冈本避孕套（超润滑）,冈本株式会社,规格：10支 ,效期：2025年08月,库存：充裕 限购 :400
￥25.8,≈23.66,杜蕾斯 挚爱装,青岛伦敦杜蕾斯有限公司,规格：12只 ,效期：2025年07月,库存：充裕 限购 :400
￥17.9,≈16.41,冈本避孕套（纯）,冈本株式会社,规格：10支 ,效期：2025年07月,库存：充裕 限购 :400
￥8.2,≈7.52,杜蕾斯 活力装,青岛伦敦杜蕾斯有限公司,规格：3只 ,效期：2025年07月,库存：紧张 限购 :400
￥31,≈28.43,杜蕾斯 激情装,青岛伦敦杜蕾斯有限公司,规格：12只 ,效期：2025年07月,库存：充裕 限购 :400
￥38.3,≈35.12,杜蕾斯 螺纹装,青岛伦敦杜蕾斯有限公司,规格：12只 ,效期：2025年07月,库存：充裕 限购 :400
￥23.4,≈21.46,冈本避孕套-激薄,冈本株式会社,规格：10片 ,效期：2025年07月,库存：充裕 限购 :400
￥11.6,≈10.64,杜蕾斯 超薄装,青岛伦敦杜蕾斯有限公司,规格：3只 ,效期：2025年08月,库存：紧张 限购 :400
￥19.5,≈17.88,冈本避孕套（质感超薄）,冈本株式会社,规格：10支 ,效期：2025年08月,库存：紧张 限购 :400
￥21.6,≈19.81,冈本避孕套-至尊,冈本株式会社,规格：10片 ,效期：2025年06月,库存：充裕 限购 :400
￥61.5,≈56.4,冈本003白金,冈本株式会社,规格：10只（超薄） ,效期：2025年05月,库存：充裕 限购 :400
￥0.9,,医用棉球,南昌市恩惠医用卫生材料有限公司,规格：10g/袋（A型）中号 ,效期：2021年10月,库存：充裕 限购 :100
￥21.5,≈19.72,云南白药牙膏(留兰香型),云南白药集团股份有限公司,规格：180g ,效期：2023年08月,库存：充裕 限购 :400
￥23.5,≈21.55,云南白药牙膏（薄荷清爽型）,云南白药集团股份有限公司,规格：210g ,效期：2023年07月,库存：充裕 限购 :400
￥19.9,≈18.25,云南白药牙膏（薄荷清爽型）,云南白药集团股份有限公司,规格：150g ,效期：2023年05月,库存：充裕 限购 :400
￥16.8,≈15.41,云南白药牙膏（留兰香型）,云南白药集团股份有限公司,规格：120g ,效期：2023年08月,库存：充裕 限购 :400
￥15.3,≈14.03,硫酸沙丁胺醇吸入气雾剂(无氟利昂配方),山东京卫制药有限公司,规格：200揿 ,效期：2022年08月,库存：充裕 限购 :400
￥13.5,,透气胶带,江西恒邦医疗器械有限公司,规格：1.25*910cm*24卷（无纺布） ,效期：2022年08月,库存：已抢光 限购 :100
￥0.1,,医用棉签,南昌市恩惠医用卫生材料有限公司,规格：10cm*20支 ,效期：2021年06月,库存：充裕 限购 :50
￥9,≈8.25,腰腿冷敷贴,济南如意堂医药科技有限公司,规格：7cm*10cm*6贴（桂龙膏药） ,效期：2023年08月,库存：紧张 限购 :400
￥2,,消美克碘伏消毒液,安徽省小山卫生材料有限公司,规格：100ml ,效期：2021年10月,库存：充裕 限购 :100
￥9,≈8.25,关节冷敷贴,济南如意堂医药科技有限公司,规格：7cm*10cm*6贴（桂龙膏药） ,效期：2023年08月,库存：充裕 限购 :400
￥9,≈8.25,软组织损伤冷敷贴,济南如意堂医药科技有限公司,规格：7cm*10cm*6贴（桂龙膏药） ,效期：2023年07月,库存：充裕 限购 :400
￥2.3,,医用棉球,南昌市恩惠医用卫生材料有限公司,规格：50g/包（A型）灭菌 ,效期：2021年07月,库存：充裕 限购 :200
￥11.2,,医用棉签,南昌市恩惠医用卫生材料有限公司,规格：12cm*40支/袋（A型）*40包 ,效期：2022年04月,库存：充裕 限购 :200
￥0.6,,医用棉签,南昌市恩惠医用卫生材料有限公司,规格：A型 10cm*50支 ,效期：2021年12月,库存：已抢光 限购 :300
￥4.8,,医用隔离面罩,江西普渡医疗科技有限公司,规格：2.3THK  3只/袋 ,效期：2022年03月,库存：充裕 限购 :100
￥13,,医用脱脂棉,江西省华中纺化有限公司,规格：甲级 500g ,效期：2022年05月,库存：紧张 限购 :100
￥1,,医用棉签,南昌市恩惠医用卫生材料有限公司,规格：20CM*20支/包（A型） ,效期：2021年10月,库存：充裕 限购 :300
￥0.75,,医用纱布敷料,南昌市恩惠医用卫生材料有限公司,规格：8*10*8*5块*20小袋/包 ,效期：2021年08月,库存：充裕 限购 :100
￥0.66,,医用纱布敷料,南昌市恩惠医用卫生材料有限公司,规格：6*8*8*5块*20小袋/包 ,效期：2021年06月,库存：紧张 限购 :100
￥11.9,≈10.91,双黄连口服液,河南福森药业有限公司,规格：20ml*8支 ,效期：2022年03月,库存：充裕 限购 :400
￥14.8,≈13.57,双黄连口服液,河南福森药业有限公司,规格：20ml*10支 ,效期：2022年06月,库存：充裕 限购 :400
￥9.8,,双黄连口服液,河南福森药业有限公司,规格：10ml*10支 ,效期：2022年03月,库存：充裕 限购 :400
￥6.6,≈6.05,双黄连口服液,河南福森药业有限公司,规格：10ml*6支 ,效期：2022年04月,库存：充裕 限购 :400
￥9,≈8.25,双黄连注射液,河南福森药业有限公司,规格：20ml*5支 ,效期：2021年11月,库存：充裕 限购 :400
￥25,≈22.93,一叶子多维修护黄金蜂窝面膜,上海上美化妆品有限公司委托上海中翊日化有限公司,规格：25ml*5片 ,效期：2024年04月,库存：充裕 限购 :400
￥29.8,≈27.33,一叶子光感透润粉樱钻石面膜,上海上美化妆品有限公司委托上海中翊日化有限公司,规格：25ml*5片 ,效期：2024年05月,库存：紧张 限购 :400
￥68,≈62.36,一叶子乳酸菌细肤亮润沁柠面膜,上海上美化妆品有限公司委托上海中翊日化有限公司,规格：25ml*30片 ,效期：2024年09月,库存：紧张 限购 :400
￥31,≈28.43,一叶子雪耳水润保湿爽肤水,上海上美化妆品有限公司委托上海中翊日化有限公司,规格：100ml ,效期：2025年09月,库存：紧张 限购 :400
￥55,≈50.44,一叶子橄榄嫩芽鲜补水滋养霜,上海上美化妆品有限公司委托上海中翊日化有限公司,规格：50g ,效期：2024年11月,库存：紧张 限购 :400
￥59,≈54.1,一叶子橄榄嫩芽鲜补水保湿精华液,上海上美化妆品有限公司委托苏州工业园区黎姿化妆品有限公司,规格：30ml ,效期：2024年04月,库存：紧张 限购 :400
￥55,≈50.44,一叶子橄榄嫩芽鲜补水保湿乳,上海上美化妆品有限公司委托上海中翊日化有限公司,规格：100ml ,效期：2024年10月,库存：紧张 限购 :400
￥55,≈50.44,一叶子橄榄嫩芽鲜补水保湿柔肤水,上海上美化妆品有限公司委托上海中翊日化有限公司,规格：100ml ,效期：2024年10月,库存：紧张 限购 :400
￥32,≈29.34,一叶子橄榄嫩芽鲜补水保湿洁面乳,上海上美化妆品有限公司委托苏州工业园区黎姿化妆品有限公司,规格：100g ,效期：2024年12月,库存：紧张 限购 :400
￥71,≈65.11,一叶子葡萄多酚紧致抚纹精华霜,上海上美化妆品有限公司委托上海中翊日化有限公司,规格：50g ,效期：2024年06月,库存：紧张 限购 :400
￥75.8,≈69.51,一叶子葡萄多酚紧致抚纹熬夜眼霜,上海上美化妆品有限公司委托苏州工业园区黎姿化妆品有限公司,规格：25g ,效期：2025年05月,库存：紧张 限购 :400
￥78.8,≈72.26,一叶子葡萄多酚紧致抚纹精华液,上海上美化妆品有限公司委托苏州工业园区黎姿化妆品有限公司,规格：30ml ,效期：2024年07月,库存：紧张 限购 :400
￥71,≈65.11,一叶子葡萄多酚紧致抚纹精华乳,上海上美化妆品有限公司委托苏州工业园区黎姿化妆品有限公司,规格：100ml ,效期：2025年09月,库存：紧张 限购 :400
￥69,≈63.27,一叶子葡萄多酚紧致抚纹柔肤水,上海上美化妆品有限公司委托苏州工业园区黎姿化妆品有限公司,规格：100ml ,效期：2024年12月,库存：紧张 限购 :400
￥35,≈32.1,一叶子葡萄多酚紧致塑颜洁面乳,上海上美化妆品有限公司委托苏州工业园区黎姿化妆品有限公司,规格：100g ,效期：2024年04月,库存：紧张 限购 :400
￥65,≈59.61,一叶子白松露鲜亮颜透润精华霜,上海上美化妆品有限公司委托苏州工业园区黎姿化妆品有限公司,规格：50g ,效期：2024年10月,库存：紧张 限购 :400
￥78.8,≈72.26,一叶子白松露鲜亮颜透润精华液,上海上美化妆品有限公司委托上海中翊日化有限公司,规格：30ml ,效期：2024年07月,库存：紧张 限购 :400
￥63,≈57.77,一叶子白松露鲜亮颜透润乳,上海上美化妆品有限公司委托上海中翊日化有限公司,规格：100ml ,效期：2024年10月,库存：紧张 限购 :400
￥63,≈57.77,一叶子白松露鲜亮颜透润柔肤水,上海上美化妆品有限公司委托上海中翊日化有限公司,规格：100ml ,效期：2024年10月,库存：紧张 限购 :400
￥31,≈28.43,一叶子雪耳水润保湿清滢乳,上海上美化妆品有限公司委托上海中翊日化有限公司,规格：100ml ,效期：2025年04月,库存：紧张 限购 :400
￥31,≈28.43,一叶子白松露鲜亮颜透润洁面乳,上海上美化妆品有限公司委托上海中翊日化有限公司,规格：100g ,效期：2024年10月,库存：紧张 限购 :400
￥31,≈28.43,一叶子雪耳水润保湿清滢霜,上海上美化妆品有限公司委托上海中翊日化有限公司,规格：50g ,效期：2025年04月,库存：紧张 限购 :400
￥35,≈32.1,红色小象益生元南极冰藻霜,上海上美化妆品有限公司委托上海中翊日化有限公司,规格：52g ,效期：2024年10月,库存：紧张 限购 :400
￥35,≈32.1,红色小象益生元南极冰藻乳,上海上美化妆品有限公司委托上海中翊日化有限公司,规格：99ml ,效期：2023年09月,库存：紧张 限购 :400
￥35,≈32.1,红色小象樱花保湿水,上海上美化妆品有限公司委托上海中翊日化有限公司,规格：99ml ,效期：2024年07月,库存：紧张 限购 :400
￥27.8,≈25.49,红色小象樱花保湿洁面乳,上海上美化妆品有限公司委托上海中翊日化有限公司,规格：70g ,效期：2024年06月,库存：紧张 限购 :400
￥12,≈11,医用冷敷贴,宏美汇供应链）（广州）有限公司委托广州市传祺天然化妆品制造有限公司,规格：28ml*5片（面膜） ,效期：2022年04月,库存：充裕 限购 :400
￥12,≈11,医用冷敷贴,广州康蓓纳生物科技有限公司,规格：25ml*5片（面膜） ,效期：2023年04月,库存：充裕 限购 :400
￥2.2,≈2.02,硫酸庆大霉素注射液,山东鲁抗医药集团赛特有限责任公司,规格：2ml：80mg（8万单位）*10支 ,效期：2023年06月,库存：充裕 限购 :400
￥1.99,≈1.82,盐酸左氧氟沙星片,山东罗欣药业集团股份有限公司,规格：0.2g*12片 ,效期：2022年05月,库存：充裕 限购 :400
￥3.5,≈3.21,注射用头孢西丁钠,山东罗欣药业集团股份有限公司,规格：1g ,效期：2021年12月,库存：充裕 限购 :400
￥1.1,≈1.01,注射用头孢哌酮钠舒巴坦钠,山东罗欣药业集团股份有限公司,规格：1g ,效期：2022年03月,库存：充裕 限购 :400
￥1.6,≈1.47,注射用盐酸氨溴索,山东裕欣药业有限公司,规格：15mg（10瓶/盒） ,效期：2022年03月,库存：充裕 限购 :400
￥0.85,≈0.78,注射用阿奇霉素,成都天台山制药有限公司,规格：0.25g（25万单位） ,效期：2021年11月,库存：充裕 限购 :400
￥0.99,≈0.91,盐酸氨溴索注射液,成都天台山制药有限公司,规格：2ml：15mg ,效期：2023年08月,库存：充裕 限购 :400
￥1.4,≈1.28,注射用盐酸氨溴索(精),山东裕欣药业有限公司,规格：30mg（10支/盒） ,效期：2022年03月,库存：充裕 限购 :400
￥5.4,,阿莫西林胶囊,哈药集团制药总厂,规格：0.25g*50粒 ,效期：2022年12月,库存：充裕 限购 :400
￥0.85,≈0.78,注射用头孢拉定,哈药集团制药总厂,规格：0.5g ,效期：2022年04月,库存：已抢光 限购 :400
￥4.6,≈4.22,头孢拉定胶囊,哈药集团制药总厂,规格：0.25g*24粒 ,效期：2022年04月,库存：充裕 限购 :400
￥1.5,≈1.38,注射用头孢曲松钠（凯赛欣）,哈药集团制药总厂,规格：1.0g ,效期：2022年09月,库存：充裕 限购 :400
￥5.5,≈5.04,硫酸阿米卡星注射液,宜昌人福药业有限责任公司,规格：2ml:0.2g*10支 ,效期：2023年06月,库存：充裕 限购 :400
￥3.85,,利巴韦林注射液,宜昌人福药业有限责任公司,规格：2ml;250mg*10支 ,效期：2022年08月,库存：充裕 限购 :400
￥2.2,≈2.02,硫酸庆大霉素注射液,宜昌人福药业有限责任公司,规格：2ml：80mg（8万单位）*10支 ,效期：2023年06月,库存：充裕 限购 :400
￥8.7,≈7.98,盐酸克林霉素注射液,宜昌人福药业有限责任公司,规格：2ml：0.15g*10支 ,效期：2021年11月,库存：充裕 限购 :400
￥5,≈4.59,盐酸氨溴索注射液,江苏吴中医药集团有限公司苏州制药厂,规格：2ml：15mg*10支 ,效期：2021年09月,库存：充裕 限购 :400
￥3.4,≈3.12,小儿止咳糖浆,广西一力桂西制药有限公司委托广东一力罗定制药有限公司,规格：100ml ,效期：2021年10月,库存：充裕 限购 :400
￥10.8,≈9.9,妇血康颗粒,广西一力桂西制药有限公司委托广东一力罗定制药有限公司,规格：10g*6袋 ,效期：2022年10月,库存：充裕 限购 :400
￥12.5,≈11.46,妇炎康胶囊,广西一力桂西制药有限公司委托广东一力罗定制药有限公司生产,规格：0.5g*12粒*3板 ,效期：2023年04月,库存：充裕 限购 :400
￥2.9,≈2.66,小儿氨酚黄那敏颗粒,广西一力桂西制药有限公司委托广东一力罗定制药有限公司,规格：6g*10袋 ,效期：2021年10月,库存：充裕 限购 :400
￥10.8,≈9.9,银黄口服液,广西一力桂西制药有限公司委托广东一力罗定制药有限公司生产,规格：10ml*6支 ,效期：2021年11月,库存：充裕 限购 :400
￥3.8,≈3.48,咽炎片,广西一力桂西制药有限公司委托广东一力罗定制药有限公司,规格：0.25g*12片*2板 ,效期：2022年02月,库存：充裕 限购 :400
￥7.9,≈7.24,清开灵注射液,神威药业集团有限公司,规格：10ml*5支 ,效期：2022年12月,库存：充裕 限购 :400
￥7.5,≈6.88,盐酸氨溴索口服溶液,岳阳新华达制药有限公司,规格：10ml*12支 ,效期：2021年12月,库存：紧张 限购 :400
￥2.8,≈2.57,75%酒精消毒液,四川利君精华生物科技有限公司,规格：100ml(带喷） ,效期：2022年02月,库存：紧张 限购 :200
￥6.9,≈6.33,蚊不叮喷剂,广州汤臣本草医药科技有限公司委托江西汇发实业有限公司,规格：100ml/瓶 ,效期：2022年07月,库存：充裕 限购 :200
￥8.5,≈7.79,棉片（婴儿手口医用湿巾型）,丹东欣时代生物医药科技有限公司,规格：80片/包 ,效期：2022年07月,库存：紧张 限购 :50
￥4.8,≈4.4,狐臭香体露,江西药健实业有限公司,规格：40ml ,效期：2022年06月,库存：充裕 限购 :100
￥3.9,≈3.58,84消毒液,广州汤臣本草医药科技有限公司委托文水大有实业有限公司,规格：750ml ,效期：2021年04月,库存：充裕 限购 :50
￥0.5,,一次性使用阴道冲洗器,南昌爱博医疗器械有限公司,规格：大号 ,效期：2023年04月,库存：充裕 限购 :200
￥8.7,≈7.98,戊二醛消毒液,四川省伊洁士医疗科技有限公司,规格：2000ml ,效期：2022年09月,库存：紧张 限购 :400
￥0.85,≈0.78,过氧化氢消毒液（双氧水）,四川省伊洁士医疗科技有限公司,规格：100ml ,效期：2022年09月,库存：充裕 限购 :400
￥1.99,≈1.82,伊洁士牌75%消毒酒精,四川省伊洁士医疗科技有限公司,规格：100ml（喷雾型） ,效期：2022年09月,库存：充裕 限购 :400
￥2.5,≈2.29,伊洁士牌皮肤消毒液(喷雾型),四川省伊洁士医疗科技有限公司,规格：100ml ,效期：2022年08月,库存：充裕 限购 :400
￥2.1,≈1.93,伊洁士牌84消毒液,四川省伊洁士医疗科技有限公司,规格：450ml ,效期：2021年09月,库存：充裕 限购 :400
￥3.8,≈3.48,驱蚊花露水,江西正信堂生物科技有限公司,规格：200ml ,效期：2022年07月,库存：充裕 限购 :400
￥3.8,≈3.48,蛇胆牛黄花露水,江西正信堂生物科技有限公司,规格：200ml ,效期：2022年08月,库存：充裕 限购 :400
￥3.8,≈3.48,风湿活络油,江西正信堂生物科技有限公司,规格：20ml ,效期：2022年10月,库存：充裕 限购 :400
￥6.8,≈6.24,灰指甲抑菌喷剂,江西正信堂生物科技有限公司,规格：60ml/瓶 ,效期：2022年09月,库存：充裕 限购 :400
￥3.9,≈3.58,芦荟清热抑菌洗液,江西正信堂生物科技有限公司,规格：280ml ,效期：2022年06月,库存：充裕 限购 :400
￥2.2,≈2.02,熊胆明目护理液,江西正信堂生物科技有限公司,规格：15ml ,效期：2022年10月,库存：充裕 限购 :400
￥4.2,≈3.85,湿痒抑菌凝胶,江西正信堂生物科技有限公司,规格：5g*5支 ,效期：2022年09月,库存：充裕 限购 :400
￥2.2,≈2.02,视立明护理液,江西正信堂生物科技有限公司,规格：15ml ,效期：2022年09月,库存：充裕 限购 :400
￥1.9,≈1.74,晕车贴,江西正信堂生物科技有限公司,规格：4贴 ,效期：2022年10月,库存：充裕 限购 :400
￥2.2,≈2.02,烧焊工护理液,江西正信堂生物科技有限公司,规格：15ml ,效期：2022年09月,库存：充裕 限购 :400
￥3.4,≈3.12,消肿止痛灵喷剂,江西正信堂生物科技有限公司,规格：60ml ,效期：2022年09月,库存：充裕 限购 :400
￥2.2,≈2.02,雪莲清目护理液,江西正信堂生物科技有限公司,规格：15ml ,效期：2022年08月,库存：充裕 限购 :400
￥3.9,≈3.58,田七活络油,江西正信堂生物科技有限公司,规格：20ml ,效期：2022年10月,库存：充裕 限购 :400
￥3.2,≈2.93,虱疥一扫光抑菌喷剂,江西正信堂生物科技有限公司,规格：60ml ,效期：2022年08月,库存：充裕 限购 :400
￥2.9,≈2.66,痔疮膏,江西正信堂生物科技有限公司,规格：20g ,效期：2022年08月,库存：充裕 限购 :400
￥2.9,≈2.66,七毒筋骨膏,江西正信堂生物科技有限公司,规格：20g ,效期：2022年04月,库存：充裕 限购 :400
￥2.9,≈2.66,烧烫伤膏,江西正信堂生物科技有限公司,规格：20g ,效期：2022年09月,库存：充裕 限购 :400
￥3.9,≈3.58,正信堂免洗抑菌洗手液,江西正信堂生物科技有限公司,规格：100ml ,效期：2022年09月,库存：充裕 限购 :400
￥3.9,≈3.58,正信堂医用酒精驱蚊水,江西正信堂生物科技有限公司,规格：100ml ,效期：2022年09月,库存：充裕 限购 :400
￥6.9,≈6.33,正信堂免洗抑菌洗手液,江西正信堂生物科技有限公司,规格：300ml ,效期：2022年10月,库存：充裕 限购 :400
￥3.9,,正信堂驱蚊祛痱花露水,江西正信堂生物科技有限公司,规格：200ml ,效期：2022年07月,库存：充裕 限购 :400
￥2.8,≈2.57,湿毒清抗菌膏,江西正信堂生物科技有限公司,规格：20g/支 ,效期：2022年09月,库存：充裕 限购 :400
￥3.9,≈3.58,西瓜霜抑菌喷剂,江西正信堂生物科技有限公司,规格：30ml ,效期：2022年10月,库存：充裕 限购 :400
￥2.7,≈2.48,正信堂牌婴儿紫草抗菌膏,江西正信堂生物科技有限公司,规格：20g ,效期：2022年09月,库存：充裕 限购 :400
￥3.6,≈3.3,婴儿紫草油,江西正信堂生物科技有限公司,规格：30ml ,效期：2022年10月,库存：充裕 限购 :400
￥2.7,≈2.48,正信堂牌宝宝湿疹抗菌膏,江西正信堂生物科技有限公司,规格：20g ,效期：2022年10月,库存：充裕 限购 :400
￥3.1,≈2.84,正信堂牌宝宝蚊不叮抗菌喷剂,江西正信堂生物科技有限公司,规格：60ml ,效期：2022年08月,库存：充裕 限购 :400
￥2.7,≈2.48,正信堂牌脚气克星抗菌膏,江西正信堂生物科技有限公司,规格：20g ,效期：2022年10月,库存：充裕 限购 :400
￥2.2,≈2.02,正信堂牌白障清护理液,江西正信堂生物科技有限公司,规格：15ml ,效期：2022年09月,库存：充裕 限购 :400
￥2.7,≈2.48,正信堂牌四季止痒膏,江西正信堂生物科技有限公司,规格：20g ,效期：2022年08月,库存：充裕 限购 :400
￥2.7,≈2.48,正信堂牌肤痒灵抗菌膏,江西正信堂生物科技有限公司,规格：20g ,效期：2022年10月,库存：充裕 限购 :400
￥3.9,≈3.58,正信堂牌舒筋活络油,江西正信堂生物科技有限公司,规格：20ml ,效期：2022年07月,库存：紧张 限购 :400
￥3.99,≈3.66,正信堂牌烧烫精油,江西正信堂生物科技有限公司,规格：30ml ,效期：2022年03月,库存：充裕 限购 :400
￥3.9,,正信堂牌苦参洗液,江西正信堂生物科技有限公司,规格：280ml ,效期：2022年10月,库存：紧张 限购 :400
￥3.2,≈2.93,正信堂牌狼毒抑菌喷剂,江西正信堂生物科技有限公司,规格：60ml ,效期：2022年09月,库存：充裕 限购 :400
￥3.9,≈3.58,正信堂牌黄柏洗液,江西正信堂生物科技有限公司,规格：280ml ,效期：2022年10月,库存：充裕 限购 :400
￥3.2,≈2.93,狐臭香体喷剂,江西正信堂生物科技有限公司,规格：30ml ,效期：2022年07月,库存：充裕 限购 :400
￥295,≈270.52,盐酸伐地那非片,Bayer Pharma AG（德国）,规格：20mg*4片 ,效期：2021年10月,库存：充裕 限购 :400
￥10.8,≈9.9,小儿贝诺酯维B1颗粒,地奥集团成都药业股份有限公司,规格：12袋 ,效期：2021年09月,库存：充裕 限购 :400
￥17.6,≈16.14,痰咳净滴丸,天士力医药集团股份有限公司,规格：33mg*120丸 ,效期：2022年07月,库存：充裕 限购 :400
￥20.67,≈18.95,养血清脑颗粒,天士力医药集团股份有限公司,规格：4g*9袋 ,效期：2023年02月,库存：充裕 限购 :400
￥8.8,≈8.07,藿香正气滴丸,天士力医药集团股份有限公司（原天士力制药集团股份有限公司）,规格：2.6g*6袋 ,效期：2021年03月,库存：充裕 限购 :400
￥9.8,≈8.99,穿心莲内酯滴丸,天士力医药集团股份有限公司(原天士力制药集团股份有限公司）,规格：0.15g*6袋 ,效期：2022年11月,库存：充裕 限购 :400
￥52.8,≈48.42,复方丹参滴丸,天士力医药集团股份有限公司（原天士力制药集团股份有限公司）,规格：360丸 ,效期：2023年07月,库存：充裕 限购 :400
￥88,,他达拉非片,江苏天士力帝益药业有限公司,规格：20mg*2s ,效期：2022年06月,库存：充裕 限购 :400
￥37,≈33.93,赖诺普利氢氯噻嗪片,江苏天士力帝益药业有限公司,规格：20片 ,效期：2022年05月,库存：充裕 限购 :400
￥14.9,≈13.66,甲硝唑口颊片,远大医药(中国)有限公司,规格：3mg*10片*2板 ,效期：2022年06月,库存：充裕 限购 :400
￥17.5,≈16.05,聚乙烯醇滴眼液,湖北远大天天明制药有限公司,规格：0.8ml:11.2mg*10支 ,效期：2022年06月,库存：充裕 限购 :400
￥16.1,≈14.76,破立妥 皮肤消毒喷雾剂,重庆灵方生物技术有限公司,规格：10ml/瓶 ,效期：2022年07月,库存：充裕 限购 :400
￥14.9,≈13.66,麝香壮骨膏,重庆灵方三帆生物制药有限公司,规格：4贴/袋*2袋/盒 ,效期：2023年05月,库存：充裕 限购 :400
￥13.5,≈12.38,左羟丙哌嗪口服溶液,浙江圣博康药业有限公司,规格：10ml:60mg*6支 ,效期：2021年09月,库存：充裕 限购 :400
￥9.6,≈8.8,复方蛤青片,好大夫制药有限公司,规格：24片 ,效期：2023年07月,库存：充裕 限购 :400
￥9.7,≈8.89,桑姜感冒胶囊,好医生药业集团有限公司（原四川好医生药业集团有限公司）,规格：0.25g*12粒*2板 ,效期：2022年02月,库存：充裕 限购 :400
￥6.4,≈5.87,利巴韦林颗粒(新博林),四川百利药业有限责任公司,规格：50mg*18袋 ,效期：2022年01月,库存：充裕 限购 :400
￥6.9,≈6.33,胃康灵胶囊,四川好医生攀西药业有限责任公司,规格：0.4g*24粒 ,效期：2023年03月,库存：充裕 限购 :400
￥11.5,,抗感颗粒,四川好医生攀西药业有限责任公司,规格：10g*6袋 ,效期：2023年04月,库存：充裕 限购 :400
￥6.3,≈5.78,复方陈香胃片,四川好医生攀西药业有限责任公司委托好医生药业集团有限公司,规格：0.28*120片 ,效期：2023年05月,库存：充裕 限购 :400
￥10.2,≈9.35,复方陈香胃片,四川好医生攀西药业有限责任公司委托好医生药业集团有限公司,规格：0.28g*12片/袋*10袋/盒 ,效期：2023年07月,库存：充裕 限购 :400
￥5.5,≈5.04,肤痒颗粒,四川泰乐制药有限公司,规格：9g*9袋 ,效期：2022年12月,库存：充裕 限购 :400
￥5.5,≈5.04,胃康灵胶囊,四川泰乐制药有限公司,规格：0.4g*24粒 ,效期：2022年10月,库存：充裕 限购 :400
￥29,≈26.59,肛泰,烟台荣昌制药股份有限公司,规格：0.5g*4片 ,效期：2022年04月,库存：充裕 限购 :400
￥43.5,≈39.89,盐酸坦洛新缓释片,昆明积大制药股份有限公司,规格：0.2mg*14片 ,效期：2022年09月,库存：充裕 限购 :400
￥22.5,,盐酸坦洛新缓释片(积大本特),昆明积大制药股份有限公司,规格：0.2mg*6片 ,效期：2022年06月,库存：充裕 限购 :400
￥26.5,≈24.3,硫糖铝混悬凝胶,昆明积大制药股份有限公司,规格：5ml:1g*12袋 ,效期：2022年08月,库存：充裕 限购 :400
￥14.2,≈13.02,健脾丸,仲景宛西制药股份有限公司,规格：200丸(浓缩丸) ,效期：2025年05月,库存：紧张 限购 :400
￥16,≈14.67,桂附地黄丸(浓缩丸),仲景宛西制药股份有限公司,规格：200丸 ,效期：2024年11月,库存：充裕 限购 :400
￥14.2,≈13.02,归脾丸（浓缩丸）,仲景宛西制药股份有限公司,规格：200丸 ,效期：2025年05月,库存：充裕 限购 :400
￥14.5,≈13.3,十全大补丸,仲景宛西制药股份有限公司,规格：200丸(浓缩丸) ,效期：2024年10月,库存：充裕 限购 :400
￥14.5,≈13.3,麦味地黄丸,仲景宛西制药股份有限公司,规格：200丸(浓缩丸) ,效期：2024年12月,库存：充裕 限购 :400
￥28.9,≈26.5,右归丸,仲景宛西制药股份有限公司,规格：45g（小蜜丸） ,效期：2023年06月,库存：充裕 限购 :400
￥14.5,≈13.3,保和丸(浓缩丸),仲景宛西制药股份有限公司,规格：200丸 ,效期：2025年05月,库存：充裕 限购 :400
￥15.9,≈14.58,天王补心丸(浓缩丸),仲景宛西制药股份有限公司,规格：200丸 ,效期：2025年02月,库存：充裕 限购 :400
￥14.5,≈13.3,逍遥丸(浓缩丸),仲景宛西制药股份有限公司,规格：200丸 ,效期：2025年06月,库存：充裕 限购 :400
￥15.9,≈14.58,香砂养胃丸,仲景宛西制药股份有限公司,规格：200丸(浓缩丸) ,效期：2025年07月,库存：充裕 限购 :400
￥15.9,≈14.58,香砂六君丸(浓缩丸),仲景宛西制药股份有限公司,规格：200丸 ,效期：2025年03月,库存：充裕 限购 :400
￥14.5,≈13.3,明目地黄丸(浓缩丸),仲景宛西制药股份有限公司,规格：200丸 ,效期：2024年11月,库存：充裕 限购 :400
￥14.5,≈13.3,六味地黄丸(浓缩丸),仲景宛西制药股份有限公司,规格：200丸 ,效期：2025年04月,库存：充裕 限购 :400
￥14.5,≈13.3,补中益气丸(浓缩丸),仲景宛西制药股份有限公司,规格：200丸 ,效期：2025年01月,库存：充裕 限购 :400
￥49.9,≈45.76,左归丸,仲景宛西制药股份有限公司,规格：45g(水蜜丸) ,效期：2023年05月,库存：充裕 限购 :400
￥14.5,≈13.3,知柏地黄丸(浓缩丸),仲景宛西制药股份有限公司,规格：200丸 ,效期：2025年07月,库存：充裕 限购 :400
￥14.5,≈13.3,附子理中丸,仲景宛西制药股份有限公司,规格：200丸（浓缩丸） ,效期：2025年07月,库存：充裕 限购 :400
￥14.5,≈13.3,浓缩当归丸,仲景宛西制药股份有限公司,规格：200丸 ,效期：2024年10月,库存：充裕 限购 :400
￥14.5,≈13.3,杞菊地黄丸(浓缩丸),仲景宛西制药股份有限公司,规格：200丸 ,效期：2024年11月,库存：充裕 限购 :400
￥14,,复方延胡索喷雾剂,杭州万邦天诚药业有限公司,规格：10ml ,效期：2021年01月,库存：充裕 限购 :400
￥17.5,≈16.05,金松止痒洗液,广西花红金松药业有限责任公司,规格：125毫升 ,效期：2021年05月,库存：充裕 限购 :400
￥7.9,≈7.24,消肿止痛酊,广西壮族自治区花红药业股份有限公司,规格：33ml ,效期：2023年09月,库存：充裕 限购 :400
￥16.22,≈14.87,花红片,广西壮族自治区花红药业股份有限公司,规格：12片*4板 ,效期：2023年05月,库存：充裕 限购 :400
￥4.9,,咳特灵片,广东罗浮山国药股份有限公司,规格：100片 ,效期：2022年08月,库存：充裕 限购 :400
￥5.9,,感冒清片,广东罗浮山国药股份有限公司,规格：0.22g*100片 ,效期：2022年07月,库存：充裕 限购 :400
￥6.3,,消炎利胆片(糖衣片),广东罗浮山国药股份有限公司,规格：100片 ,效期：2023年02月,库存：充裕 限购 :400
￥3.99,≈3.66,复方穿心莲片（糖衣片）,广东罗浮山国药股份有限公司,规格：100片 ,效期：2022年09月,库存：充裕 限购 :400
￥9.9,,清热祛湿颗粒,广东众生药业股份有限公司,规格：10g*16袋 ,效期：2023年06月,库存：充裕 限购 :400
￥6.3,≈5.78,养血生发胶囊,广州白云山敬修堂药业股份有限公司,规格：0.5g*30粒 ,效期：2023年01月,库存：充裕 限购 :400
￥5.9,,苯巴比妥东莨菪碱片(晕动片),广州白云山光华制药股份有限公司,规格：12片 ,效期：2022年01月,库存：充裕 限购 :400
￥28.9,≈26.5,狮马龙活络油,英吉利制药厂有限公司,规格：40ml ,效期：2023年01月,库存：充裕 限购 :400
￥20.5,≈18.8,孟鲁司特钠片,江苏万高药业股份有限公司,规格：10mg*5片 ,效期：2023年08月,库存：充裕 限购 :400
￥14,≈12.84,蜜炼川贝枇杷膏,广州白云山潘高寿药业股份有限公司,规格：138g(潘高寿) ,效期：2021年11月,库存：充裕 限购 :400
￥15,,蛇胆川贝枇杷膏,广州白云山潘高寿药业股份有限公司,规格：138g ,效期：2021年10月,库存：充裕 限购 :400
￥6.5,≈5.96,消炎镇痛膏,广州白云山医药集团股份有限公司白云山何济公制药厂,规格：10cm*7cm*5贴*1袋 ,效期：2021年10月,库存：充裕 限购 :400
￥8.8,≈8.07,消炎镇痛膏,广州白云山医药集团股份有限公司白云山何济公制药厂,规格：10cm*7cm*5贴*2袋 ,效期：2022年01月,库存：充裕 限购 :400
￥6.8,≈6.24,滴通鼻炎水,广州白云山医药集团股份有限公司白云山何济公制药厂,规格：10ml ,效期：2022年02月,库存：充裕 限购 :400
￥3.89,≈3.57,复方醋酸地塞米松乳膏,广州白云山医药集团股份有限公司白云山何济公制药厂,规格：20g ,效期：2022年04月,库存：充裕 限购 :400
￥1.8,≈1.65,复方醋酸地塞米松乳膏(皮炎平),广州白云山医药集团股份有限公司白云山何济公制药厂,规格：10g:7.5mg ,效期：2022年02月,库存：充裕 限购 :400
￥28,≈25.68,枸橼酸西地那非片(金戈),广州白云山医药集团股份有限公司白云山制药总厂,规格：50mg*1片 ,效期：2023年05月,库存：充裕 限购 :400
￥207,≈189.82,枸橼酸西地那非片(金戈),广州白云山医药集团股份有限公司白云山制药总厂,规格：50mg*10片 ,效期：2023年07月,库存：充裕 限购 :400
￥92.5,,枸橼酸西地那非片(万艾可),辉瑞制药有限公司,规格：0.1g*1片 ,效期：2024年12月,库存：充裕 限购 :400
￥374,,枸橼酸西地那非片(万艾可),辉瑞制药有限公司,规格：0.1g*5片 ,效期：2024年12月,库存：充裕 限购 :400
￥730,,枸橼酸西地那非片(万艾可),辉瑞制药有限公司,规格：0.1g*1s*10板 ,效期：2025年02月,库存：充裕 限购 :400
￥33.5,≈30.72,海王牌金樽片,深圳市海王健康科技发展有限公司委托南宁海王健康生物科技有限公司,规格：1.0g*3片*6袋 ,效期：2022年08月,库存：充裕 限购 :400
￥248,≈227.42,活血胶囊,西安大唐制药集团有限公司,规格：0.3g*180粒 ,效期：2022年07月,库存：充裕 限购 :400
￥26.5,≈24.3,醒脾开胃颗粒,西安大唐制药集团有限公司,规格：14g*6袋(大唐奥舒) ,效期：2022年04月,库存：充裕 限购 :400
￥46,≈42.18,氯沙坦钾片(科素亚),杭州默沙东制药有限公司,规格：0.1g*7片 ,效期：2023年02月,库存：充裕 限购 :400
￥46,≈42.18,磷酸西格列汀片,杭州默沙东制药有限公司,规格：100mg*7片 ,效期：2023年07月,库存：充裕 限购 :400
￥49,≈44.93,非那雄胺片,杭州默沙东制药有限公司,规格：5mg*10片 ,效期：2023年06月,库存：充裕 限购 :400
￥13.28,≈12.18,四味珍层冰硼滴眼液(珍视明滴眼液),江西珍视明药业有限公司,规格：8ml ,效期：2022年06月,库存：充裕 限购 :400
￥6.5,≈5.96,贝诺酯片,地奥集团成都药业股份有限公司,规格：0.4g*12片 ,效期：2021年10月,库存：充裕 限购 :400
￥22,,胃苏颗粒,扬子江药业集团江苏制药股份有限公司委托扬子江药业集团江苏龙凤堂中药有限公司,规格：5g*9袋(无糖型) ,效期：2023年02月,库存：充裕 限购 :400
￥20,≈18.34,头孢克洛缓释胶囊,扬子江药业集团有限公司,规格：0.125g*12粒 ,效期：2022年09月,库存：紧张 限购 :400
￥32,≈29.34,甲钴胺片,扬子江药业集团南京海陵药业有限公司,规格：0.5mg*48片 ,效期：2020年12月,库存：紧张 限购 :400
￥15,≈13.76,苯磺酸左氨氯地平片,扬子江药业集团上海海尼药业有限公司,规格：2.5mg*14片 ,效期：2022年04月,库存：充裕 限购 :400
￥21.5,≈19.72,胃苏颗粒,扬子江药业集团江苏制药股份有限公司,规格：15g*9袋 ,效期：2023年04月,库存：充裕 限购 :400
￥7,,氯雷他定片,扬子江药业集团上海海尼药业有限公司,规格：10mg*6片 ,效期：2023年02月,库存：充裕 限购 :400
￥64,≈58.69,枸地氯雷他定片,扬子江药业集团广州海瑞药业有限公司,规格：8.8mg*6片 ,效期：2022年05月,库存：充裕 限购 :400
￥20.5,≈18.8,格列美脲片,扬子江药业集团广州海瑞药业有限公司,规格：2mg*10片 ,效期：2022年04月,库存：充裕 限购 :400
￥36.5,≈33.47,依帕司他片,扬子江药业集团南京海陵药业有限公司,规格：50mg*10片 ,效期：2023年02月,库存：充裕 限购 :400
￥27,,氯沙坦钾片,扬子江药业集团四川海蓉药业有限公司,规格：50mg*7片 ,效期：2021年12月,库存：充裕 限购 :400
￥32,≈29.34,银杏叶片,扬子江药业集团有限公司,规格：36片 ,效期：2022年08月,库存：充裕 限购 :400
￥9.5,≈8.71,醋酸曲安奈德益康唑乳膏,扬子江药业集团有限公司,规格：15g ,效期：2023年05月,库存：充裕 限购 :400
￥24,≈22.01,蓝芩口服液,扬子江药业集团有限公司,规格：10ml*6支 ,效期：2022年07月,库存：充裕 限购 :400
￥22,≈20.17,兰索拉唑肠溶片(可意林),扬子江药业集团四川海蓉药业有限公司,规格：15mg*14片 ,效期：2021年12月,库存：充裕 限购 :400
￥48.9,≈44.84,百乐眠胶囊,扬子江药业集团有限公司,规格：0.27g*24粒 ,效期：2021年01月,库存：充裕 限购 :400
￥12,≈11,美洛昔康片,扬子江药业集团有限公司,规格：7.5mg*10片 ,效期：2022年11月,库存：充裕 限购 :400
￥72,,枸橼酸他莫昔芬片,四川海汇药业有限公司委托扬子江药业集团有限公司,规格：10mg*60片 ,效期：2021年12月,库存：充裕 限购 :400
￥10.2,,马来酸依那普利片,扬子江药业集团江苏制药股份有限公司,规格：5mg*16片 ,效期：2022年04月,库存：充裕 限购 :400
￥15,,马来酸依那普利片(依苏),扬子江药业集团江苏制药股份有限公司,规格：10mg*16片 ,效期：2022年03月,库存：充裕 限购 :400
￥18,≈16.51,罗红霉素胶囊(仁苏),扬子江药业集团有限公司,规格：150mg*12粒 ,效期：2021年01月,库存：充裕 限购 :400
￥8.9,≈8.16,格列吡嗪缓释片(秦苏),扬子江药业集团有限公司,规格：5mg*12片 ,效期：2022年06月,库存：充裕 限购 :400
￥25,≈22.93,马来酸依那普利片,扬子江药业集团江苏制药股份有限公司委托江苏紫龙药业有限公司,规格：10mg*32片 ,效期：2022年05月,库存：充裕 限购 :400
￥21,≈19.26,格列美脲片,四川海汇药业有限公司委托扬子江药业集团广州海瑞药业有限公司,规格：2mg*10片 ,效期：2022年04月,库存：充裕 限购 :400
￥16,≈14.67,厄贝沙坦片,扬子江药业集团北京海燕药业有限公司委托扬子江药业集团江苏紫龙药业有限公司,规格：75mg*12片 ,效期：2024年03月,库存：充裕 限购 :400
￥5.2,≈4.77,硝苯地平缓释片(I),扬子江药业集团江苏制药股份有限公司委托扬子江药业集团有限公司,规格：10mg*16片 ,效期：2022年08月,库存：充裕 限购 :400
￥7,≈6.42,金银花饮料,葵花药业集团（襄阳）隆中有限公司,规格：250ml ,效期：2022年04月,库存：充裕 限购 :500
￥6.99,,金银花露,葵花药业集团（襄阳）隆中有限公司,规格：250ml ,效期：2022年03月,库存：紧张 限购 :400
￥3.8,≈3.48,元胡止痛胶囊,四川泰乐制药有限公司,规格：0.25g*24粒 ,效期：2022年10月,库存：充裕 限购 :100
￥4.8,≈4.4,胃康灵胶囊,云南铭鼎药业有限公司,规格：0.4g*30粒 ,效期：2023年06月,库存：充裕 限购 :100
￥7.3,≈6.69,血塞通片,云南维和药业股份有限公司,规格：25mg*20片 ,效期：2022年06月,库存：充裕 限购 :100
￥5.4,≈4.95,银翘解毒颗粒,四川逢春制药有限公司,规格：15g*10袋 ,效期：2022年06月,库存：充裕 限购 :100
￥3.5,≈3.21,头孢拉定胶囊(康良),山东鲁抗医药股份有限公司,规格：0.25g*24粒 ,效期：2021年07月,库存：充裕 限购 :50
￥7.3,≈6.69,肾石通颗粒,江西九连山药业有限公司,规格：4g*10袋（无蔗糖） ,效期：2022年07月,库存：充裕 限购 :100
￥5,≈4.59,酚酞片(果导片),临汾宝珠制药有限公司,规格：100mg*100片 ,效期：2023年08月,库存：充裕 限购 :100
￥2.9,≈2.66,清热散结片,广东省惠州市中药厂有限公司,规格：50片 ,效期：2022年06月,库存：充裕 限购 :100
￥7.3,≈6.69,格列齐特缓释片,天津中新药业集团股份有限公司新新制药厂,规格：30mg*30片 ,效期：2022年04月,库存：充裕 限购 :100
￥4.4,≈4.03,赖诺普利片,国药集团汕头金石制药有限公司,规格：10mg*14片 ,效期：2022年06月,库存：充裕 限购 :400
￥4.3,≈3.94,克拉霉素胶囊(劲克),国药集团汕头金石制药有限公司,规格：0.125g*12粒 ,效期：2021年11月,库存：充裕 限购 :400
￥4.5,,蒙脱石散,山东宏济堂制药集团股份有限公司,规格：3g*10袋 ,效期：2022年06月,库存：充裕 限购 :400
￥0.01,≈0.01,辛伐他汀片(薄膜衣),成都华宇制药有限公司,规格：10mg*10片 ,效期：2020年12月,库存：充裕 限购 :200
￥5.3,≈4.86,异烟肼片,宜昌人福药业有限责任公司,规格：0.1g*100片 ,效期：2021年10月,库存：充裕 限购 :400
￥13.5,≈12.38,卡马西平片,宜昌人福药业有限责任公司,规格：0.1g*100片 ,效期：2022年08月,库存：充裕 限购 :400
￥9.8,≈8.99,吡拉西坦片(脑复康),宜昌人福药业有限责任公司,规格：0.4g*100片 ,效期：2023年04月,库存：充裕 限购 :400
￥3.7,≈3.39,土霉素片,宜昌人福药业有限责任公司,规格：0.25g*100片 ,效期：2023年05月,库存：充裕 限购 :400
￥13.5,≈12.38,红霉素肠溶片,宜昌人福药业有限责任公司,规格：0.125g*100片 ,效期：2023年05月,库存：充裕 限购 :400
￥16.8,≈15.41,逍遥丸,陕西天洋制药有限责任公司,规格：720丸 ,效期：2023年02月,库存：充裕 限购 :400
￥16.8,≈15.41,杞菊地黄丸,陕西唐王天洋制药有限公司（原陕西天洋制药有限责任公司）,规格：720丸 ,效期：2023年04月,库存：充裕 限购 :400
￥16.8,≈15.41,知柏地黄丸,陕西天洋制药有限责任公司,规格：720丸 ,效期：2023年09月,库存：充裕 限购 :400
￥16.8,≈15.41,六味地黄丸,陕西唐王天洋制药有限公司（原陕西天洋制药有限责任公司）,规格：720丸 ,效期：2023年06月,库存：紧张 限购 :400
￥16.8,≈15.41,补中益气丸,陕西天洋制药有限责任公司,规格：720丸 ,效期：2022年11月,库存：紧张 限购 :400
￥9.5,≈8.71,归脾丸,陕西唐王天洋制药有限公司（原陕西天洋制药有限责任公司）,规格：380丸 ,效期：2023年05月,库存：充裕 限购 :400
￥9.5,≈8.71,杞菊地黄丸,陕西唐王天洋制药有限公司（原陕西天洋制药有限责任公司）,规格：380丸 ,效期：2023年04月,库存：充裕 限购 :400
￥9.5,≈8.71,知柏地黄丸,陕西唐王天洋制药有限公司（原陕西天洋制药有限责任公司）,规格：380丸 ,效期：2023年05月,库存：充裕 限购 :400
￥9.5,≈8.71,六味地黄丸,陕西唐王天洋制药有限公司（原陕西天洋制药有限责任公司）,规格：380丸 ,效期：2023年04月,库存：充裕 限购 :400
￥9.5,≈8.71,逍遥丸,陕西唐王天洋制药有限公司,规格：380丸 ,效期：2023年05月,库存：充裕 限购 :400
￥5,≈4.59,黄连上清丸,陕西唐王天洋制药有限公司（原陕西天洋制药有限责任公司）,规格：6g*10袋 ,效期：2023年04月,库存：充裕 限购 :400
￥5,≈4.59,香砂养胃丸,陕西唐王天洋制药有限公司（原陕西天洋制药有限责任公司）,规格：6g*10袋 ,效期：2023年07月,库存：充裕 限购 :400
￥5,≈4.59,木香顺气丸,陕西唐王天洋制药有限公司（原陕西天洋制药有限责任公司）,规格：6g*10袋 ,效期：2023年06月,库存：充裕 限购 :400
￥3.25,≈2.98,六味地黄丸,湖北瑞华制药有限责任公司,规格：200丸（浓缩丸） ,效期：2022年04月,库存：充裕 限购 :400
￥4.25,≈3.9,香砂养胃丸,湖北瑞华制药有限责任公司,规格：200丸/瓶（浓缩丸） ,效期：2023年03月,库存：充裕 限购 :400
￥2.9,≈2.66,槐角丸,湖北瑞华制药有限责任公司,规格：200丸 ,效期：2023年05月,库存：充裕 限购 :400
￥3.2,≈2.93,逍遥丸(浓缩丸),湖北瑞华制药有限责任公司,规格：200丸 ,效期：2023年07月,库存：充裕 限购 :400
￥3.1,≈2.84,香砂养胃丸,湖北瑞华制药有限责任公司,规格：200丸 ,效期：2023年07月,库存：充裕 限购 :400
￥2.3,≈2.11,六味地黄丸,湖北瑞华制药有限责任公司,规格：200丸 ,效期：2023年08月,库存：充裕 限购 :400
￥6.5,≈5.96,杜仲降压片,昭通市骅成制药有限公司,规格：60片 ,效期：2023年04月,库存：充裕 限购 :400
￥3.2,≈2.93,注射用赖氨匹林,国药集团国瑞药业有限公司,规格：0.9g ,效期：2021年01月,库存：紧张 限购 :400
￥4,≈3.67,天麻片,昭通市骅成制药有限公司,规格：0.68g*48s ,效期：2022年02月,库存：充裕 限购 :400
￥4,≈3.67,感冒退热颗粒,昭通市骅成制药有限公司,规格：18g*8袋 ,效期：2023年08月,库存：紧张 限购 :400
￥7.2,≈6.6,白及颗粒,昭通市骅成制药有限公司,规格：10g*9s ,效期：2022年02月,库存：充裕 限购 :400
￥6.66,≈6.11,独一味滴丸,兰州和盛堂制药股份有限公司,规格：45mg*42丸*7袋 ,效期：2023年02月,库存：充裕 限购 :400
￥10.8,≈9.9,益心舒片,广东先通药业有限公司（原广东尚瑞和药业股份有限公司）,规格：0.4g*18片 ,效期：2021年11月,库存：充裕 限购 :400
￥8.5,≈7.79,头孢克肟分散片,浙江莎普爱思药业股份有限公司,规格：0.2g*6片 ,效期：2022年02月,库存：充裕 限购 :400
￥13.9,≈12.75,硫酸氨基葡萄糖胶囊,山西同达药业有限公司,规格：0.25g*20粒 ,效期：2021年11月,库存：已抢光 限购 :400
￥8.6,≈7.89,小儿感冒宁合剂,江西盛翔制药有限公司,规格：120ml ,效期：2022年02月,库存：紧张 限购 :400
￥5.8,≈5.32,盐酸左氧氟沙星片,南京正科医药股份有限公司(原南京正科制药有限公司,规格：0.5g*7片 ,效期：2022年02月,库存：充裕 限购 :400
￥9.9,≈9.08,盐酸左氧氟沙星片,南京正科医药股份有限公司(原南京正科制药有限公司）,规格：0.5g*14片 ,效期：2022年03月,库存：充裕 限购 :400
￥249,≈228.33,阿胶,吉林省恒和维康药业有限公司,规格：250g ,效期：2023年02月,库存：紧张 限购 :400
￥4.9,≈4.49,穿王消炎胶囊,江西青春康源制药有限公司,规格：0.4g*24粒 ,效期：2022年04月,库存：充裕 限购 :400
￥2.2,≈2.02,蒲地蓝消炎片,天津中新药业集团股份有限公司隆顺榕制药厂,规格：0.31g*24片*2板 ,效期：2021年10月,库存：紧张 限购 :400
￥15.9,≈14.58,雪上一枝蒿速效止痛搽剂,云南一枝蒿制药有限公司,规格：30ml ,效期：2023年07月,库存：充裕 限购 :400
￥8,≈7.34,金归洗液,浙江圣华药业有限公司,规格：150ml ,效期：2021年09月,库存：充裕 限购 :400
￥68,≈62.36,左乙拉西坦片,浙江普洛康裕制药有限公司,规格：0.25g*30片 ,效期：2021年12月,库存：充裕 限购 :400
￥26.5,≈24.3,多糖铁复合物胶囊,上海医药集团青岛国风药业股份有限公司（青岛国风药业股份有限公司）,规格：0.15g*10粒 ,效期：2023年04月,库存：充裕 限购 :400
￥51.5,≈47.23,硝苯地平控释片,上海现代制药股份有限公司,规格：30mg*24片 ,效期：2023年02月,库存：充裕 限购 :400
￥7.5,≈6.88,马来酸依那普利片,湖南千金湘江药业股份有限公司,规格：10mg*16片 ,效期：2022年06月,库存：充裕 限购 :400
￥4.2,≈3.85,罗红霉素胶囊,湖南千金湘江药业股份有限公司,规格：150mg*12粒 ,效期：2022年07月,库存：充裕 限购 :400
￥8.5,≈7.79,氟康唑胶囊,湖南千金湘江药业股份有限公司,规格：50mg*12粒 ,效期：2023年05月,库存：充裕 限购 :400
￥8.9,≈8.16,甘草锌胶囊,湖南千金湘江药业股份有限公司,规格：0.25g*24粒 ,效期：2022年09月,库存：充裕 限购 :400
￥10.8,≈9.9,缬沙坦胶囊,湖南千金湘江药业股份有限公司,规格：80mg*7粒 ,效期：2023年05月,库存：充裕 限购 :400
￥20.9,≈19.17,格列齐特片(II),湖南千金湘江药业股份有限公司,规格：80mg*60片 ,效期：2023年02月,库存：充裕 限购 :400
￥9.3,≈8.53,蒙脱石散,湖南千金湘江药业股份有限公司,规格：3g*10袋 ,效期：2023年02月,库存：充裕 限购 :400
￥4.8,≈4.4,肠康片(薄膜衣片),湖南湘泉药业股份有限公司,规格：50mg*24片 ,效期：2023年08月,库存：充裕 限购 :400
￥27.5,≈25.22,妥布霉素地塞米松滴眼液(典必殊),比利时s.a.ALCON-COUVREUR n.v,规格：5ml ,效期：2022年01月,库存：充裕 限购 :400
￥13.5,≈12.38,妥布霉素滴眼液(托百士),s.a.ALCON-COUVREUR n.v.,规格：5ml（0.3%） ,效期：2022年09月,库存：充裕 限购 :400
￥26.5,≈24.3,富马酸依美斯汀滴眼液,S.A.Alcon Couvreur N.V.（比利时）,规格：5ml：2.5mg(0.05%) ,效期：2022年07月,库存：充裕 限购 :400
￥60.5,≈55.48,布林佐胺滴眼液,s.a.ALC0N-COUVREUR n.v,规格：5ml：50mg（1%） ,效期：2022年04月,库存：充裕 限购 :400
￥27.3,≈25.03,妥布霉素地塞米松眼膏,ALCON CUSI .SA西班牙）,规格：3.5g ,效期：2022年05月,库存：充裕 限购 :400
￥6.5,,格列美脲片（科德平）,北大医药股份有限公司,规格：1mg*12片 ,效期：2021年11月,库存：充裕 限购 :400
￥9.9,≈9.08,硝酸咪康唑乳膏,华润三九（南昌）药业有限公司,规格：20g(2%) ,效期：2023年07月,库存：充裕 限购 :400
￥2.6,≈2.38,消炎利胆片,广西泰诺制药有限公司（原石药控股集团广西泰诺制药有限公司）,规格：0.24g*100片 ,效期：2022年07月,库存：充裕 限购 :100
￥0.8,≈0.73,小儿氨酚黄那敏片,哈尔滨凯程制药有限公司,规格：9片 ,效期：2021年02月,库存：充裕 限购 :50
￥16,≈14.67,丙硫氧嘧啶片,上海朝晖药业有限公司,规格：50mg*100片 ,效期：2023年03月,库存：充裕 限购 :100
￥4.3,≈3.94,消炎利胆片(糖衣片),广东嘉应制药股份有限公司,规格：100片 ,效期：2023年07月,库存：充裕 限购 :400
￥3.3,≈3.03,重感灵片,广东嘉应制药股份有限公司,规格：48片(10瓶/条) ,效期：2023年09月,库存：充裕 限购 :400
￥3.7,≈3.39,胃痛宁片,湖南德康制药股份有限公司,规格：0.25g*24片 ,效期：2022年04月,库存：充裕 限购 :50
￥9.9,≈9.08,三维鱼肝油乳,国药控股星鲨制药(厦门)有限公司,规格：500g(儿童用) ,效期：2021年12月,库存：充裕 限购 :400
￥5.6,≈5.14,维生素E软胶囊(原维生素E胶丸),国药控股星鲨制药（厦门）有限公司,规格：100mg*60粒 ,效期：2023年06月,库存：充裕 限购 :400
￥3.6,≈3.3,维生素E软胶囊(原维生素E胶丸),国药控股星鲨制药（厦门）有限公司(原厦门星鲨制药有限公司,规格：100mg*30粒 ,效期：2023年05月,库存：充裕 限购 :400
￥13.9,≈12.75,心脑清软胶囊,国药集团武汉中联四药药业有限公司,规格：0.415g*100粒 ,效期：2022年03月,库存：充裕 限购 :400
￥5.4,≈4.95,盐酸二甲双胍缓释片,山东明仁福瑞达制药股份有限公司,规格：0.5g*30片 ,效期：2022年06月,库存：充裕 限购 :400
￥4,≈3.67,银黄颗粒,中山市恒生药业有限公司,规格：4g*10袋 ,效期：2022年02月,库存：充裕 限购 :400
,,,,,,
,,,,,,
,,,,,,
,,,,,,
,,,,,,
,,,,,,
,,,,,,
,,,,,,
,,,,,,
,,,,,,
